tool	sample	Weighted UniFrac error	Unweighted UniFrac error	L1 norm error	Completeness	Purity	F1 score	True positives	False positives	False negatives	Taxon counts	Jaccard index	Shannon diversity	Shannon equitability	Bray-Curtis distance
MiCoP	mock_viruses	8.517690381763668	252.9981335141894	na	0.0	0.0	na	0.0	0.0	2.0	0.0	0.0	na	na	na
Metalign	mock_viruses	14.346304756737526	9375.99999127063	1.7718198999999992	0.0	0.0	na	0.0	49.0	2.0	49.0	0.0	2.1497708523641763	0.5523818387523781	1.0
MetaBinG2	mock_viruses	7.66149851970413	209.99999923856663	0.8616696999999999	1.0	0.4	0.5714285714285715	2.0	3.0	0.0	5.0	0.4	0.8999190815663963	0.5591511636540029	0.45140702550657247
MetaPhlAn3	mock_viruses	12.486818647740904	87.9843393	1.002632836724466	0.0	0.0	na	0.0	2.0	2.0	2.0	0.0	0.013849927124697854	0.019981221179475137	1.0
Diamond+Megan	mock_viruses	10.984602291603354	456.58144739999994	1.1526926	1.0	0.2857142857142857	0.4444444444444445	2.0	5.0	0.0	7.0	0.2857142857142857	0.8524353261100234	0.4380651010653589	0.5762310537892421
