tool	sample	Weighted UniFrac error	Unweighted UniFrac error	L1 norm error	Completeness	Purity	F1 score	True positives	False positives	False negatives	Taxon counts	Jaccard index	Shannon diversity	Shannon equitability	Bray-Curtis distance
MiCoP	mock_viruses	8.517690381763668	252.9981335141894	1.8366149098700628	0.0	0.0	na	0.0	5.0	4.0	5.0	0.0	0.14959543360748287	0.09294886895092212	1.0
Metalign	mock_viruses	14.346304756737526	9375.99999127063	1.6740303999999997	1.0	0.02631578947368421	0.05128205128205127	4.0	148.0	0.0	152.0	0.02631578947368421	3.153866823719378	0.6277750457306072	0.9217674796207188
MetaBinG2	mock_viruses	7.66149851970413	209.99999923856663	0.9345265	1.0	0.3076923076923077	0.47058823529411764	4.0	9.0	0.0	13.0	0.3076923076923077	1.6942689447774804	0.6605467432909685	0.4868038739217365
MetaPhlAn3	mock_viruses	12.486818647740904	87.9843393	0.8483256389430504	0.5	0.5	0.5	2.0	2.0	2.0	4.0	0.3333333333333333	0.4527939246800539	0.3266217748402823	0.711231330213725
Diamond+Megan	mock_viruses	10.984602291603354	456.58144739999994	1.1219606	1.0	0.4	0.5714285714285715	4.0	6.0	0.0	10.0	0.4	1.7502542805947143	0.7601257759898301	0.560868126374725
