tool	sample	Weighted UniFrac error	Unweighted UniFrac error	L1 norm error	Completeness	Purity	F1 score	True positives	False positives	False negatives	Taxon counts	Jaccard index	Shannon diversity	Shannon equitability	Bray-Curtis distance
MiCoP	mock_viruses	8.517690381763668	252.9981335141894	1.7397520768784143	0.0	0.0	na	0.0	13.0	4.0	13.0	0.0	0.7599628311844909	0.2962876553385858	1.0
Metalign	mock_viruses	14.346304756737526	9375.99999127063	1.4718383000000004	1.0	0.013333333333333334	0.02631578947368421	4.0	296.0	0.0	300.0	0.013333333333333334	3.3534888388533366	0.5879412221195323	0.976355537005121
MetaBinG2	mock_viruses	7.66149851970413	209.99999923856663	1.0060428	0.5	0.10526315789473684	0.17391304347826086	2.0	17.0	2.0	19.0	0.09523809523809523	1.5256374959714512	0.5181419981076848	0.7445407355986342
MetaPhlAn3	mock_viruses	12.486818647740904	87.9843393	0.7216670242057455	0.25	0.3333333333333333	0.28571428571428575	1.0	2.0	3.0	3.0	0.16666666666666666	0.015293267532235384	0.013920532011139256	0.9995406846843987
Diamond+Megan	mock_viruses	10.984602291603354	456.58144739999994	1.2398947	1.0	0.36363636363636365	0.5333333333333333	4.0	7.0	0.0	11.0	0.36363636363636365	1.659315341440154	0.6919882449677273	0.7210367365106267
