tool	sample	Weighted UniFrac error	Unweighted UniFrac error	L1 norm error	Completeness	Purity	F1 score	True positives	False positives	False negatives	Taxon counts	Jaccard index	Shannon diversity	Shannon equitability	Bray-Curtis distance
MiCoP	mock_viruses	8.517690381763668	252.9981335141894	1.9979606430170815	0.0	0.0	na	0.0	10.0	2.0	10.0	0.0	0.613625018329089	0.2664939594181051	1.0
Metalign	mock_viruses	14.346304756737526	9375.99999127063	1.7284914999999998	0.5	0.010526315789473684	0.020618556701030927	1.0	94.0	1.0	95.0	0.010416666666666666	3.0480933209492727	0.6693402991572673	0.9314114603779065
MetaBinG2	mock_viruses	7.66149851970413	209.99999923856663	0.8616696000000001	1.0	0.3333333333333333	0.5	2.0	4.0	0.0	6.0	0.3333333333333333	0.986607490662818	0.5506361247739793	0.4514069967671687
MetaPhlAn3	mock_viruses	12.486818647740904	87.9843393	1.002632836724466	0.0	0.0	na	0.0	2.0	2.0	2.0	0.0	0.013849927124697854	0.019981221179475137	1.0
Diamond+Megan	mock_viruses	10.984602291603354	456.58144739999994	1.0745072	1.0	0.2222222222222222	0.3636363636363636	2.0	7.0	0.0	9.0	0.2222222222222222	1.0269707000564243	0.4673945078938907	0.5371461707658469
