tool	sample	Weighted UniFrac error	Unweighted UniFrac error	L1 norm error	Completeness	Purity	F1 score	True positives	False positives	False negatives	Taxon counts	Jaccard index	Shannon diversity	Shannon equitability	Bray-Curtis distance
MiCoP	mock_viruses	8.517690381763668	252.9981335141894	4.204668414273959	0.0	0.0	na	0.0	1.0	2.0	1.0	0.0	-3.7313186606816364	0.0	1.0
Metalign	mock_viruses	14.346304756737526	9375.99999127063	1.7567450000000002	0.0	0.0	na	0.0	21.0	2.0	21.0	0.0	1.4089822126347986	0.4627925204875092	1.0
MetaBinG2	mock_viruses	7.66149851970413	209.99999923856663	0.8616696	1.0	0.5	0.6666666666666666	2.0	2.0	0.0	4.0	0.5	0.8998383065072344	0.6490961311999551	0.4514069967671686
MetaPhlAn3	mock_viruses	12.486818647740904	87.9843393	2.310697334393019	0.0	0.0	na	0.0	3.0	2.0	3.0	0.0	-0.3374289126796414	-0.30714103251905145	1.0
Diamond+Megan	mock_viruses	10.984602291603354	456.58144739999994	1.1710386	1.0	0.2857142857142857	0.4444444444444445	2.0	5.0	0.0	7.0	0.2857142857142857	0.9982116439559152	0.5129793091631286	0.5854022195560888
