tool	sample	Weighted UniFrac error	Unweighted UniFrac error	L1 norm error	Completeness	Purity	F1 score	True positives	False positives	False negatives	Taxon counts	Jaccard index	Shannon diversity	Shannon equitability	Bray-Curtis distance
MiCoP	mock_viruses	8.517690381763668	252.9981335141894	1.792730009949667	0.0	0.0	na	0.0	31.0	12.0	31.0	0.0	0.546689386802231	0.1591995992554071	1.0
Metalign	mock_viruses	14.346304756737526	9375.99999127063	1.7770344000000007	0.9166666666666666	0.011066398390342052	0.02186878727634195	11.0	983.0	1.0	994.0	0.011055276381909548	4.036566789666534	0.5848624293856557	0.944210412552984
MetaBinG2	mock_viruses	7.66149851970413	209.99999923856663	1.5745353000000006	0.16666666666666666	0.06666666666666667	0.09523809523809522	2.0	28.0	10.0	30.0	0.05	2.2989470325855743	0.675922851458296	0.8201907206707649
MetaPhlAn3	mock_viruses	12.486818647740904	87.9843393	1.29830963600753	0.16666666666666666	0.18181818181818182	0.17391304347826086	2.0	9.0	10.0	11.0	0.09523809523809523	0.9629428470549781	0.4015783583122098	0.9024125532448543
Diamond+Megan	mock_viruses	10.984602291603354	456.58144739999994	1.1437814000000002	0.5	0.16666666666666666	0.25	6.0	30.0	6.0	36.0	0.14285714285714285	1.156078844116974	0.32260994401638304	0.8996054507633007
