tool	sample	Weighted UniFrac error	Unweighted UniFrac error	L1 norm error	Completeness	Purity	F1 score	True positives	False positives	False negatives	Taxon counts	Jaccard index	Shannon diversity	Shannon equitability	Bray-Curtis distance
MiCoP	mock_viruses	8.517690381763668	252.9981335141894	0.469636973005406	0.0	0.0	na	0.0	8.0	3.0	8.0	0.0	0.26402322997500954	0.12696833485481088	1.0
Metalign	mock_viruses	14.346304756737526	9375.99999127063	1.2765322000000012	0.0	0.0	na	0.0	994.0	3.0	994.0	0.0	4.036566789666534	0.5848624293856557	1.0
MetaBinG2	mock_viruses	7.66149851970413	209.99999923856663	0.6633981999999999	0.3333333333333333	0.07692307692307693	0.125	1.0	12.0	2.0	13.0	0.06666666666666667	0.8455374850965119	0.32965075222121276	0.9074333409477329
MetaPhlAn3	mock_viruses	12.486818647740904	87.9843393	na	0.0	0.0	na	0.0	0.0	3.0	0.0	0.0	na	na	na
Diamond+Megan	mock_viruses	10.984602291603354	456.58144739999994	1.2652291	1.0	0.10714285714285714	0.19354838709677416	3.0	25.0	0.0	28.0	0.10714285714285714	1.6234411545226128	0.4871973342468269	0.9070392209449265
