tool	sample	Weighted UniFrac error	Unweighted UniFrac error	L1 norm error	Completeness	Purity	F1 score	True positives	False positives	False negatives	Taxon counts	Jaccard index	Shannon diversity	Shannon equitability	Bray-Curtis distance
MiCoP	mock_viruses	8.517690381763668	252.9981335141894	0.00039999999999992044	1.0	1.0	1.0	1.0	0.0	0.0	1.0	1.0	-2.220446049250313e-16	0.0	0.00019996000799836052
Metalign	mock_viruses	14.346304756737526	9375.99999127063	1.7374957	1.0	0.25	0.4	1.0	3.0	0.0	4.0	0.25	0.7905068823820629	0.5702301795005986	0.9229824364108681
MetaBinG2	mock_viruses	7.66149851970413	209.99999923856663	0.08108130000000002	1.0	1.0	1.0	1.0	0.0	0.0	1.0	1.0	0.07733532000532647	0.0	0.04223603176861278
MetaPhlAn3	mock_viruses	12.486818647740904	87.9843393	0.5665560812723612	1.0	0.5	0.6666666666666666	1.0	1.0	0.0	2.0	0.5	0.37554654957893047	0.5417991447004842	0.39379460896986135
Diamond+Megan	mock_viruses	10.984602291603354	456.58144739999994	0.7325994000000001	1.0	0.3333333333333333	0.5	1.0	2.0	0.0	3.0	0.3333333333333333	0.6617303964834296	0.6023329643305474	0.36622645470905824
