rank	sample	Weighted UniFrac error	Unweighted UniFrac error	L1 norm error	Completeness	Purity	F1 score	True positives	False positives	False negatives	Taxon counts	Jaccard index	Shannon diversity	Shannon equitability	Bray-Curtis distance
superkingdom	mock_fungi	14.048833199999997	771.2022425	0.24052259999999998	1.0	0.3333333333333333	0.5	1.0	2.0	0.0	3.0	0.3333333333333333	0.37343309568082567	0.3399134522093805	0.12026129999999999
phylum	mock_fungi	14.048833199999997	771.2022425	0.633545	1.0	0.2857142857142857	0.4444444444444445	4.0	10.0	0.0	14.0	0.2857142857142857	1.6895347950389057	0.6402039001120218	0.31677249999999996
class	mock_fungi	14.048833199999997	771.2022425	1.1755406	0.5	0.08333333333333333	0.14285714285714285	2.0	22.0	2.0	24.0	0.07692307692307693	1.1478506701998041	0.3611803737365056	0.8703813997293062
order	mock_fungi	14.048833199999997	771.2022425	1.6108256000000003	0.4	0.05128205128205128	0.09090909090909091	2.0	37.0	3.0	39.0	0.047619047619047616	2.774730290868912	0.7573859972576861	0.805412719458728
family	mock_fungi	14.048833199999997	771.2022425	1.5658958	0.14285714285714285	0.023255813953488372	0.04	1.0	42.0	6.0	43.0	0.02040816326530612	2.8599957425132803	0.7603944630810742	0.7829478217052177
genus	mock_fungi	14.048833199999997	771.2022425	1.9999998999999997	0.0	0.0	na	0.0	45.0	8.0	45.0	0.0	2.9136878277589524	0.7654179574861006	1.0
species	mock_fungi	14.048833199999997	771.2022425	1.9999997999999999	0.0	0.0	na	0.0	48.0	8.0	48.0	0.0	2.935668630870126	0.7583353648126994	1.0
strain	mock_fungi	14.048833199999997	771.2022425	na	na	na	na	na	na	na	na	na	2.707441332268362	0.6756217182653105	na
