rank	sample	Weighted UniFrac error	Unweighted UniFrac error	L1 norm error	Completeness	Purity	F1 score	True positives	False positives	False negatives	Taxon counts	Jaccard index	Shannon diversity	Shannon equitability	Bray-Curtis distance
superkingdom	mock_fungi	12.847649984764992	295.9999992999999	0.9578935	1.0	0.3333333333333333	0.5	1.0	2.0	0.0	3.0	0.3333333333333333	0.6922678565969077	0.6301293584073876	0.4789467739473387
phylum	mock_fungi	12.847649984764992	295.9999992999999	1.8897561999999999	0.25	0.07142857142857142	0.11111111111111112	1.0	13.0	3.0	14.0	0.058823529411764705	1.9558724073901745	0.7411253955878694	0.9448781
class	mock_fungi	12.847649984764992	295.9999992999999	2.0000000000000004	0.0	0.0	na	0.0	16.0	4.0	16.0	0.0	1.9848061988575274	0.7158675150543572	1.0
order	mock_fungi	12.847649984764992	295.9999992999999	1.9999999	0.0	0.0	na	0.0	23.0	5.0	23.0	0.0	2.2642841829001172	0.7221458650432037	1.0
family	mock_fungi	12.847649984764992	295.9999992999999	1.9999999	0.0	0.0	na	0.0	27.0	7.0	27.0	0.0	2.2739843698045643	0.6899565913774742	1.0
genus	mock_fungi	12.847649984764992	295.9999992999999	1.9999999000000002	0.0	0.0	na	0.0	29.0	8.0	29.0	0.0	2.273986644337739	0.6753153744578697	1.0
species	mock_fungi	12.847649984764992	295.9999992999999	1.9999999999999991	0.0	0.0	na	0.0	35.0	8.0	35.0	0.0	2.367053905719377	0.6657727639548647	1.0
