rank	sample	Weighted UniFrac error	Unweighted UniFrac error	L1 norm error	Completeness	Purity	F1 score	True positives	False positives	False negatives	Taxon counts	Jaccard index	Shannon diversity	Shannon equitability	Bray-Curtis distance
superkingdom	mock_fungi	7.510697888190101	2672.9999554128985	0.7970568999999998	1.0	0.5	0.6666666666666666	1.0	1.0	0.0	2.0	0.5	0.36874408294523126	0.5319852598222338	0.6534353942405872
phylum	mock_fungi	7.510697888190101	2672.9999554128985	0.8058027999999999	1.0	0.4444444444444444	0.6153846153846153	4.0	5.0	0.0	9.0	0.4444444444444444	0.5205484225046607	0.23691179676123125	0.6645003820575293
class	mock_fungi	7.510697888190101	2672.9999554128985	0.9045111	1.0	0.13333333333333333	0.23529411764705882	4.0	26.0	0.0	30.0	0.13333333333333333	0.722493948450932	0.21242341075126056	0.7417632689733459
order	mock_fungi	7.510697888190101	2672.9999554128985	1.0077108000000004	0.8	0.058823529411764705	0.1095890410958904	4.0	64.0	1.0	68.0	0.057971014492753624	0.9023094416960861	0.21384234956822457	0.8265471941332428
family	mock_fungi	7.510697888190101	2672.9999554128985	1.0849895	0.8571428571428571	0.049586776859504134	0.09375000000000001	6.0	115.0	1.0	121.0	0.04918032786885246	1.0690089408667103	0.22290567753177246	0.8916503654692439
genus	mock_fungi	7.510697888190101	2672.9999554128985	1.0878409000000002	0.75	0.02843601895734597	0.0547945205479452	6.0	205.0	2.0	211.0	0.028169014084507043	1.1543309780020514	0.21568788805922737	0.8919380376444702
species	mock_fungi	7.510697888190101	2672.9999554128985	1.1052739999999999	0.375	0.010033444816053512	0.01954397394136808	3.0	296.0	5.0	299.0	0.009868421052631578	1.2048532365763875	0.2113613126881155	0.9061288148199038
strain	mock_fungi	7.510697888190101	2672.9999554128985	na	na	na	na	na	na	na	na	na	1.2048532365763875	0.2113613126881155	na
