rank	sample	Weighted UniFrac error	Unweighted UniFrac error	L1 norm error	Completeness	Purity	F1 score	True positives	False positives	False negatives	Taxon counts	Jaccard index	Shannon diversity	Shannon equitability	Bray-Curtis distance
superkingdom	simulated_virus	10.856552100000009	493.27225009999995	0.0	1.0	1.0	1.0	1.0	0.0	0.0	1.0	1.0	0.0	0.0	0.0
phylum	simulated_virus	10.856552100000009	493.27225009999995	1.4226370000000004	0.8	1.0	0.888888888888889	8.0	0.0	2.0	8.0	0.8	0.8169146764769714	0.39285291752757956	0.7113181443409279
class	simulated_virus	10.856552100000009	493.27225009999995	1.4161821	0.75	1.0	0.8571428571428571	12.0	0.0	4.0	12.0	0.75	0.9153302091125524	0.3683559739319156	0.7122974155428761
order	simulated_virus	10.856552100000009	493.27225009999995	1.534	0.75	1.0	0.8571428571428571	15.0	0.0	5.0	15.0	0.75	1.1352624953731514	0.41921766993502757	0.767
family	simulated_virus	10.856552100000009	493.27225009999995	1.4454542000000001	0.7575757575757576	1.0	0.8620689655172413	25.0	0.0	8.0	25.0	0.7575757575757576	1.3429066983941649	0.41719742278320143	0.7227263772736228
genus	simulated_virus	10.856552100000009	493.27225009999995	1.3210269999999997	0.6086956521739131	1.0	0.7567567567567568	42.0	0.0	27.0	42.0	0.6086956521739131	1.7266740920804042	0.461965413859513	0.6605130376408733
species	simulated_virus	10.856552100000009	493.27225009999995	1.5195867999999992	0.5125	0.8541666666666666	0.6406249999999999	41.0	7.0	39.0	48.0	0.47126436781609193	1.510771922900438	0.390259229278855	0.7597934000000001
strain	simulated_virus	10.856552100000009	493.27225009999995	2.0000007999999996	0.0	0.0	na	0.0	58.0	82.0	58.0	0.0	3.5063620936087188	0.8635417575130214	1.0
