rank	sample	Weighted UniFrac error	Unweighted UniFrac error	L1 norm error	Completeness	Purity	F1 score	True positives	False positives	False negatives	Taxon counts	Jaccard index	Shannon diversity	Shannon equitability	Bray-Curtis distance
superkingdom	simulated_virus	11.34232340000001	680.9999651	0.0	1.0	1.0	1.0	1.0	0.0	0.0	1.0	1.0	0.0	0.0	0.0
phylum	simulated_virus	11.34232340000001	680.9999651	1.6266213000000003	0.6	0.8571428571428571	0.7058823529411764	6.0	1.0	4.0	7.0	0.5454545454545454	0.5166142291019703	0.26548719598012915	0.8508996972090112
class	simulated_virus	11.34232340000001	680.9999651	1.6266203	0.4375	0.875	0.5833333333333334	7.0	1.0	9.0	8.0	0.4117647058823529	0.5273807168950123	0.2536165149749669	0.8508996192133099
order	simulated_virus	11.34232340000001	680.9999651	1.6266203	0.4	0.8	0.5333333333333333	8.0	2.0	12.0	10.0	0.36363636363636365	1.322537430881932	0.5743707083425263	0.85089961921331
family	simulated_virus	11.34232340000001	680.9999651	1.6781511	0.24242424242424243	0.7272727272727273	0.36363636363636365	8.0	3.0	25.0	11.0	0.2222222222222222	1.4753519823991819	0.6152695654124334	0.8548133040373048
genus	simulated_virus	11.34232340000001	680.9999651	1.6781500999999996	0.11594202898550725	0.6666666666666666	0.19753086419753088	8.0	4.0	61.0	12.0	0.1095890410958904	1.597331229069021	0.6428133745810117	0.8548132300823539
species	simulated_virus	11.34232340000001	680.9999651	1.7166966999999993	0.1	0.5333333333333333	0.16842105263157897	8.0	7.0	72.0	15.0	0.09195402298850575	2.0953952194364502	0.7737652790127739	0.8583483070825847
strain	simulated_virus	11.34232340000001	680.9999651	1.0507591999999994	0.0	0.0	na	0.0	4.0	82.0	4.0	0.0	0.2023456212150787	0.14596151213629535	1.0
