rank	sample	Weighted UniFrac error	Unweighted UniFrac error	L1 norm error	Completeness	Purity	F1 score	True positives	False positives	False negatives	Taxon counts	Jaccard index	Shannon diversity	Shannon equitability	Bray-Curtis distance
superkingdom	simulated_virus	9.838109178767027	216.99999720014037	0.0007016000000000134	1.0	1.0	1.0	1.0	0.0	0.0	1.0	1.0	0.0007013538211402052	0.0	0.0003509231038248284
phylum	simulated_virus	9.838109178767027	216.99999720014037	na	0.0	0.0	na	0.0	0.0	10.0	0.0	0.0	na	na	na
class	simulated_virus	9.838109178767027	216.99999720014037	na	0.0	0.0	na	0.0	0.0	16.0	0.0	0.0	na	na	na
order	simulated_virus	9.838109178767027	216.99999720014037	0.9361700999999999	0.3	1.0	0.4615384615384615	6.0	0.0	14.0	6.0	0.3	0.25077111929361623	0.13995802650991773	0.879999800720021
family	simulated_virus	9.838109178767027	216.99999720014037	1.3312347	0.8484848484848485	1.0	0.9180327868852458	28.0	0.0	5.0	28.0	0.8484848484848485	1.4744099625400662	0.4424728308355069	0.6716546182846441
genus	simulated_virus	9.838109178767027	216.99999720014037	1.3806734000000003	0.782608695652174	0.8852459016393442	0.8307692307692308	54.0	7.0	15.0	61.0	0.7105263157894737	1.6232925667858167	0.39487773656423236	0.6960465087203347
species	simulated_virus	9.838109178767027	216.99999720014037	1.4028021000000002	0.75	0.7228915662650602	0.7361963190184048	60.0	23.0	20.0	83.0	0.5825242718446602	1.7381373092445709	0.3933469123502221	0.7016472229281645
strain	simulated_virus	9.838109178767027	216.99999720014037	1.7197639	0.6341463414634146	0.6265060240963856	0.6303030303030304	52.0	31.0	30.0	83.0	0.46017699115044247	1.7381373092445709	0.3933469123502221	0.8601833152244889
