rank	sample	Weighted UniFrac error	Unweighted UniFrac error	L1 norm error	Completeness	Purity	F1 score	True positives	False positives	False negatives	Taxon counts	Jaccard index	Shannon diversity	Shannon equitability	Bray-Curtis distance
superkingdom	simulated_virus	12.217203469758992	749.0807051643421	0.0	1.0	1.0	1.0	1.0	0.0	0.0	1.0	1.0	0.0	0.0	0.0
phylum	simulated_virus	12.217203469758992	749.0807051643421	5.008289807970431	0.0	0.0	na	0.0	1.0	10.0	1.0	0.0	-5.5649655623160905	0.0	1.0
class	simulated_virus	12.217203469758992	749.0807051643421	na	0.0	0.0	na	0.0	0.0	16.0	0.0	0.0	na	na	na
order	simulated_virus	12.217203469758992	749.0807051643421	1.9220182064305462	0.0	0.0	na	0.0	26.0	20.0	26.0	0.0	2.1133790193188866	0.648654511815743	1.0
family	simulated_virus	12.217203469758992	749.0807051643421	1.20196026661576	0.0	0.0	na	0.0	6.0	33.0	6.0	0.0	0.48836379474314534	0.27256102346904154	1.0
genus	simulated_virus	12.217203469758992	749.0807051643421	1.6986825893329867	0.21739130434782608	0.2727272727272727	0.24193548387096772	15.0	40.0	54.0	55.0	0.13761467889908258	2.4743782903227594	0.6174625807110713	0.8766967212863992
species	simulated_virus	12.217203469758992	749.0807051643421	1.9203689384656923	0.0	0.0	na	0.0	79.0	80.0	79.0	0.0	2.5782798044079684	0.5900699336535744	1.0
strain	simulated_virus	12.217203469758992	749.0807051643421	1.0048872292288749	0.0	0.0	na	0.0	1.0	82.0	1.0	0.0	0.02600125964182936	0.0	1.0
