rank	sample	Weighted UniFrac error	Unweighted UniFrac error	L1 norm error	Completeness	Purity	F1 score	True positives	False positives	False negatives	Taxon counts	Jaccard index	Shannon diversity	Shannon equitability	Bray-Curtis distance
superkingdom	simulated_fungi	10.647148800000004	688.9999670000001	0.36810779999999993	1.0	0.5	0.6666666666666666	1.0	1.0	0.0	2.0	0.5	0.47748525915375584	0.6888656154787051	0.18405389999999996
phylum	simulated_fungi	10.647148800000004	688.9999670000001	0.8966759999999999	1.0	0.2222222222222222	0.3636363636363636	2.0	7.0	0.0	9.0	0.2222222222222222	1.4965386070575506	0.6811040721526346	0.44833799999999996
class	simulated_fungi	10.647148800000004	688.9999670000001	1.1075142999999996	0.2857142857142857	0.2857142857142857	0.2857142857142857	4.0	10.0	10.0	14.0	0.16666666666666666	2.3351420169550283	0.8848394427624893	0.5537571776878589
order	simulated_fungi	10.647148800000004	688.9999670000001	1.5155189000000002	0.19230769230769232	0.3333333333333333	0.2439024390243902	5.0	10.0	21.0	15.0	0.1388888888888889	2.335982388735198	0.862606752188133	0.7577587301292062
family	simulated_fungi	10.647148800000004	688.9999670000001	1.8065214	0.17073170731707318	0.3888888888888889	0.23728813559322035	7.0	11.0	34.0	18.0	0.1346153846153846	2.546438444063674	0.8810072396767288	0.9032607
genus	simulated_fungi	10.647148800000004	688.9999670000001	1.9648463000000005	0.08620689655172414	0.2631578947368421	0.12987012987012989	5.0	14.0	53.0	19.0	0.06944444444444445	2.5465205375691453	0.864857636917324	0.9824221184567756
species	simulated_fungi	10.647148800000004	688.9999670000001	1.9879630999999998	0.0547945205479452	0.21052631578947367	0.08695652173913043	4.0	15.0	69.0	19.0	0.045454545454545456	2.5465205375691453	0.864857636917324	0.9939810033104481
strain	simulated_fungi	10.647148800000004	688.9999670000001	na	0.0	0.0	na	0.0	0.0	73.0	0.0	0.0	na	na	na
