rank	sample	Weighted UniFrac error	Unweighted UniFrac error	L1 norm error	Completeness	Purity	F1 score	True positives	False positives	False negatives	Taxon counts	Jaccard index	Shannon diversity	Shannon equitability	Bray-Curtis distance
superkingdom	simulated_fungi	4.401185842817783	12447.999985358792	0.4062766	1.0	0.25	0.4	1.0	3.0	0.0	4.0	0.25	0.3107624038996948	0.22416768950041138	0.25487643144915917
phylum	simulated_fungi	4.401185842817783	12447.999985358792	0.4070722	1.0	0.1	0.18181818181818182	2.0	18.0	0.0	20.0	0.1	0.3646049760715928	0.12170813102702373	0.2554352245824908
class	simulated_fungi	4.401185842817783	12447.999985358792	0.409242	1.0	0.2413793103448276	0.3888888888888889	14.0	44.0	0.0	58.0	0.2413793103448276	0.8805357863858595	0.21685707300873178	0.2567856100366515
order	simulated_fungi	4.401185842817783	12447.999985358792	0.42706370000000005	0.9615384615384616	0.1773049645390071	0.2994011976047904	25.0	116.0	1.0	141.0	0.176056338028169	0.954524457561949	0.1928815458227874	0.26802872312149767
family	simulated_fungi	4.401185842817783	12447.999985358792	0.43866390000000005	0.975609756097561	0.149812734082397	0.25974025974025977	40.0	227.0	1.0	267.0	0.14925373134328357	1.1136042801253327	0.19931174504844426	0.2754062450852703
genus	simulated_fungi	4.401185842817783	12447.999985358792	0.456314399999999	0.9655172413793104	0.10275229357798166	0.18573797678275292	56.0	489.0	2.0	545.0	0.10237659963436929	1.2569020453566193	0.19948337974308117	0.286360951012172
species	simulated_fungi	4.401185842817783	12447.999985358792	0.502643499999999	0.9315068493150684	0.04864091559370529	0.09245411284840245	68.0	1330.0	5.0	1398.0	0.048467569493941556	1.3986610215701694	0.193110595722746	0.31538575976448885
strain	simulated_fungi	4.401185842817783	12447.999985358792	1.5915238999999994	0.0410958904109589	0.002145922746781116	0.00407885791978246	3.0	1395.0	70.0	1398.0	0.0020435967302452314	1.3986610215701694	0.193110595722746	0.9986083066524132
