rank	sample	Weighted UniFrac error	Unweighted UniFrac error	L1 norm error	Completeness	Purity	F1 score	True positives	False positives	False negatives	Taxon counts	Jaccard index	Shannon diversity	Shannon equitability	Bray-Curtis distance
superkingdom	simulated_fungi	2.221377090199027	159.72936469203023	2.0000000000000004	0.0	0.0	na	0.0	1.0	1.0	1.0	0.0	-2.220446049250313e-16	0.0	1.0
phylum	simulated_fungi	2.221377090199027	159.72936469203023	2.0000000000000004	0.0	0.0	na	0.0	2.0	2.0	2.0	0.0	0.07795467343387393	0.11246482077716853	1.0
class	simulated_fungi	2.221377090199027	159.72936469203023	1.2161100000000002	0.07142857142857142	0.07692307692307693	0.07407407407407408	1.0	12.0	13.0	13.0	0.038461538461538464	0.9079403846232518	0.35397984836699337	0.608055
order	simulated_fungi	2.221377090199027	159.72936469203023	1.505298394884636	0.23076923076923078	0.25	0.24000000000000002	6.0	18.0	20.0	24.0	0.13636363636363635	1.3023969030645792	0.4098095792549831	0.6526923905670186
family	simulated_fungi	2.221377090199027	159.72936469203023	1.8212598757839922	0.17073170731707318	0.2	0.1842105263157895	7.0	28.0	34.0	35.0	0.10144927536231885	1.3090285256506435	0.36818575931557673	0.9113947661082026
genus	simulated_fungi	2.221377090199027	159.72936469203023	1.029995798513811	0.3275862068965517	0.3392857142857143	0.3333333333333333	19.0	37.0	39.0	56.0	0.2	1.4629242261571596	0.36342768000228715	0.5146890612359085
species	simulated_fungi	2.221377090199027	159.72936469203023	0.561246986120402	0.589041095890411	0.6323529411764706	0.6099290780141843	43.0	25.0	30.0	68.0	0.4387755102040816	1.1524837772326513	0.2731322840858637	0.32892010260266075
strain	simulated_fungi	2.221377090199027	159.72936469203023	0.3951089117341297	0.684931506849315	0.8620689655172413	0.7633587786259542	50.0	8.0	23.0	58.0	0.6172839506172839	1.4113025239679098	0.3475735333071425	0.19876080538324412
