tool	sample	Weighted UniFrac error	Unweighted UniFrac error	L1 norm error	Completeness	Purity	F1 score	True positives	False positives	False negatives	Taxon counts	Jaccard index	Shannon diversity	Shannon equitability	Bray-Curtis distance
Metalign	mock_fungi	7.510697888190101	2672.9999554128985	0.9045111	1.0	0.13333333333333333	0.23529411764705882	4.0	26.0	0.0	30.0	0.13333333333333333	0.722493948450932	0.21242341075126056	0.7417632689733459
MetaBinG2	mock_fungi	12.847649984764992	295.9999992999999	2.0000000000000004	0.0	0.0	na	0.0	16.0	4.0	16.0	0.0	1.9848061988575274	0.7158675150543572	1.0
Diamond+Megan	mock_fungi	14.048833199999997	771.2022425	1.1755406	0.5	0.08333333333333333	0.14285714285714285	2.0	22.0	2.0	24.0	0.07692307692307693	1.1478506701998041	0.3611803737365056	0.8703813997293062
