tool	sample	Weighted UniFrac error	Unweighted UniFrac error	L1 norm error	Completeness	Purity	F1 score	True positives	False positives	False negatives	Taxon counts	Jaccard index	Shannon diversity	Shannon equitability	Bray-Curtis distance
Metalign	mock_fungi	7.510697888190101	2672.9999554128985	1.0849895	0.8571428571428571	0.049586776859504134	0.09375000000000001	6.0	115.0	1.0	121.0	0.04918032786885246	1.0690089408667103	0.22290567753177246	0.8916503654692439
MetaBinG2	mock_fungi	12.847649984764992	295.9999992999999	1.9999999	0.0	0.0	na	0.0	27.0	7.0	27.0	0.0	2.2739843698045643	0.6899565913774742	1.0
Diamond+Megan	mock_fungi	14.048833199999997	771.2022425	1.5658958	0.14285714285714285	0.023255813953488372	0.04	1.0	42.0	6.0	43.0	0.02040816326530612	2.8599957425132803	0.7603944630810742	0.7829478217052177
