tool	sample	Weighted UniFrac error	Unweighted UniFrac error	L1 norm error	Completeness	Purity	F1 score	True positives	False positives	False negatives	Taxon counts	Jaccard index	Shannon diversity	Shannon equitability	Bray-Curtis distance
Metalign	mock_fungi	7.510697888190101	2672.9999554128985	1.0878409000000002	0.75	0.02843601895734597	0.0547945205479452	6.0	205.0	2.0	211.0	0.028169014084507043	1.1543309780020514	0.21568788805922737	0.8919380376444702
MetaBinG2	mock_fungi	12.847649984764992	295.9999992999999	1.9999999000000002	0.0	0.0	na	0.0	29.0	8.0	29.0	0.0	2.273986644337739	0.6753153744578697	1.0
Diamond+Megan	mock_fungi	14.048833199999997	771.2022425	1.9999998999999997	0.0	0.0	na	0.0	45.0	8.0	45.0	0.0	2.9136878277589524	0.7654179574861006	1.0
