tool	sample	Weighted UniFrac error	Unweighted UniFrac error	L1 norm error	Completeness	Purity	F1 score	True positives	False positives	False negatives	Taxon counts	Jaccard index	Shannon diversity	Shannon equitability	Bray-Curtis distance
Metalign	mock_fungi	7.510697888190101	2672.9999554128985	1.0077108000000004	0.8	0.058823529411764705	0.1095890410958904	4.0	64.0	1.0	68.0	0.057971014492753624	0.9023094416960861	0.21384234956822457	0.8265471941332428
MetaBinG2	mock_fungi	12.847649984764992	295.9999992999999	1.9999999	0.0	0.0	na	0.0	23.0	5.0	23.0	0.0	2.2642841829001172	0.7221458650432037	1.0
Diamond+Megan	mock_fungi	14.048833199999997	771.2022425	1.6108256000000003	0.4	0.05128205128205128	0.09090909090909091	2.0	37.0	3.0	39.0	0.047619047619047616	2.774730290868912	0.7573859972576861	0.805412719458728
