tool	sample	Weighted UniFrac error	Unweighted UniFrac error	L1 norm error	Completeness	Purity	F1 score	True positives	False positives	False negatives	Taxon counts	Jaccard index	Shannon diversity	Shannon equitability	Bray-Curtis distance
Metalign	mock_fungi	7.510697888190101	2672.9999554128985	0.8058027999999999	1.0	0.4444444444444444	0.6153846153846153	4.0	5.0	0.0	9.0	0.4444444444444444	0.5205484225046607	0.23691179676123125	0.6645003820575293
MetaBinG2	mock_fungi	12.847649984764992	295.9999992999999	1.8897561999999999	0.25	0.07142857142857142	0.11111111111111112	1.0	13.0	3.0	14.0	0.058823529411764705	1.9558724073901745	0.7411253955878694	0.9448781
Diamond+Megan	mock_fungi	14.048833199999997	771.2022425	0.633545	1.0	0.2857142857142857	0.4444444444444445	4.0	10.0	0.0	14.0	0.2857142857142857	1.6895347950389057	0.6402039001120218	0.31677249999999996
