tool	sample	Weighted UniFrac error	Unweighted UniFrac error	L1 norm error	Completeness	Purity	F1 score	True positives	False positives	False negatives	Taxon counts	Jaccard index	Shannon diversity	Shannon equitability	Bray-Curtis distance
Metalign	mock_fungi	7.510697888190101	2672.9999554128985	1.1052739999999999	0.375	0.010033444816053512	0.01954397394136808	3.0	296.0	5.0	299.0	0.009868421052631578	1.2048532365763875	0.2113613126881155	0.9061288148199038
MetaBinG2	mock_fungi	12.847649984764992	295.9999992999999	1.9999999999999991	0.0	0.0	na	0.0	35.0	8.0	35.0	0.0	2.367053905719377	0.6657727639548647	1.0
Diamond+Megan	mock_fungi	14.048833199999997	771.2022425	1.9999997999999999	0.0	0.0	na	0.0	48.0	8.0	48.0	0.0	2.935668630870126	0.7583353648126994	1.0
