tool	sample	Weighted UniFrac error	Unweighted UniFrac error	L1 norm error	Completeness	Purity	F1 score	True positives	False positives	False negatives	Taxon counts	Jaccard index	Shannon diversity	Shannon equitability	Bray-Curtis distance
Metalign	mock_fungi	7.510697888190101	2672.9999554128985	0.7970568999999998	1.0	0.5	0.6666666666666666	1.0	1.0	0.0	2.0	0.5	0.36874408294523126	0.5319852598222338	0.6534353942405872
MetaBinG2	mock_fungi	12.847649984764992	295.9999992999999	0.9578935	1.0	0.3333333333333333	0.5	1.0	2.0	0.0	3.0	0.3333333333333333	0.6922678565969077	0.6301293584073876	0.4789467739473387
Diamond+Megan	mock_fungi	14.048833199999997	771.2022425	0.24052259999999998	1.0	0.3333333333333333	0.5	1.0	2.0	0.0	3.0	0.3333333333333333	0.37343309568082567	0.3399134522093805	0.12026129999999999
