rank	sample	Weighted UniFrac error	Unweighted UniFrac error	L1 norm error	Completeness	Purity	F1 score	True positives	False positives	False negatives	Taxon counts	Jaccard index	Shannon diversity	Shannon equitability	Bray-Curtis distance
superkingdom	simulated_fungi	3.2423807000000022	538.4880980999999	0.0	1.0	1.0	1.0	1.0	0.0	0.0	1.0	1.0	0.0	0.0	0.0
phylum	simulated_fungi	3.2423807000000022	538.4880980999999	0.006219200000000087	1.0	1.0	1.0	2.0	0.0	0.0	2.0	1.0	0.13609732183246526	0.1963469312859669	0.0031096000000000435
class	simulated_fungi	3.2423807000000022	538.4880980999999	0.29836679999999993	0.7857142857142857	1.0	0.88	11.0	0.0	3.0	11.0	0.7857142857142857	0.849551703838304	0.354290578690231	0.16002959804287337
order	simulated_fungi	3.2423807000000022	538.4880980999999	0.5340178999999999	0.6923076923076923	1.0	0.8181818181818181	18.0	0.0	8.0	18.0	0.6923076923076923	0.8407897331913552	0.2908932841923929	0.2670086963417384
family	simulated_fungi	3.2423807000000022	538.4880980999999	0.5811845999999998	0.6097560975609756	1.0	0.7575757575757575	25.0	0.0	16.0	25.0	0.6097560975609756	1.1135410491384732	0.3459409774479474	0.29059227094077283
genus	simulated_fungi	3.2423807000000022	538.4880980999999	0.3847031999999999	0.603448275862069	0.9722222222222222	0.7446808510638298	35.0	1.0	23.0	36.0	0.5932203389830508	1.5098828325395663	0.4213408268438147	0.19235136917835696
species	simulated_fungi	3.2423807000000022	538.4880980999999	0.4570602000000001	0.4383561643835616	0.8888888888888888	0.5871559633027523	32.0	4.0	41.0	36.0	0.4155844155844156	1.2807156824940849	0.35739051599539096	0.22852998573500713
strain	simulated_fungi	3.2423807000000022	538.4880980999999	0.49721050000000006	0.3287671232876712	0.46153846153846156	0.384	24.0	28.0	49.0	52.0	0.2376237623762376	1.5189081145437597	0.3844126616135633	0.24860506354620232
