rank	sample	Weighted UniFrac error	Unweighted UniFrac error	L1 norm error	Completeness	Purity	F1 score	True positives	False positives	False negatives	Taxon counts	Jaccard index	Shannon diversity	Shannon equitability	Bray-Curtis distance
superkingdom	simulated_fungi	8.7954569	646.9999670000001	0.0	1.0	1.0	1.0	1.0	0.0	0.0	1.0	1.0	0.0	0.0	0.0
phylum	simulated_fungi	8.7954569	646.9999670000001	0.00374340000000009	1.0	1.0	1.0	2.0	0.0	0.0	2.0	1.0	0.1317844202541742	0.19012472956712417	0.001871700000000045
class	simulated_fungi	8.7954569	646.9999670000001	0.6018882	0.21428571428571427	0.75	0.3333333333333333	3.0	1.0	11.0	4.0	0.2	1.196225119608521	0.8628940239230102	0.3009441
order	simulated_fungi	8.7954569	646.9999670000001	0.7350072999999999	0.19230769230769232	0.8333333333333334	0.3125	5.0	1.0	21.0	6.0	0.18518518518518517	1.6025236007349286	0.8943854508693319	0.36750330087186406
family	simulated_fungi	8.7954569	646.9999670000001	1.4837122999999999	0.0975609756097561	0.6666666666666666	0.1702127659574468	4.0	2.0	37.0	6.0	0.09302325581395349	1.6025236007349286	0.8943854508693319	0.7418561870928093
genus	simulated_fungi	8.7954569	646.9999670000001	1.9899619	0.034482758620689655	0.3333333333333333	0.0625	2.0	4.0	56.0	6.0	0.03225806451612903	1.6025236007349286	0.8943854508693319	0.9949800047689954
species	simulated_fungi	8.7954569	646.9999670000001	1.9899608999999998	0.0273972602739726	0.3333333333333333	0.05063291139240506	2.0	4.0	71.0	6.0	0.025974025974025976	1.6025236007349286	0.8943854508693319	0.9949800022589989
strain	simulated_fungi	8.7954569	646.9999670000001	1.9911829000000005	0.0136986301369863	0.16666666666666666	0.02531645569620253	1.0	5.0	72.0	6.0	0.01282051282051282	1.6025236007349286	0.8943854508693319	0.9955910019840492
