rank	sample	Weighted UniFrac error	Unweighted UniFrac error	L1 norm error	Completeness	Purity	F1 score	True positives	False positives	False negatives	Taxon counts	Jaccard index	Shannon diversity	Shannon equitability	Bray-Curtis distance
superkingdom	simulated_fungi	4.458122967147585	872.0000287159434	0.03680139999999994	1.0	1.0	1.0	1.0	0.0	0.0	1.0	1.0	0.03611576521174184	0.0	0.01874563276481551
phylum	simulated_fungi	4.458122967147585	872.0000287159434	0.036801499999999994	1.0	1.0	1.0	2.0	0.0	0.0	2.0	1.0	0.11835011559078198	0.17074312485145676	0.018745684656951395
class	simulated_fungi	4.458122967147585	872.0000287159434	0.36112859999999997	0.9285714285714286	0.9285714285714286	0.9285714285714286	13.0	1.0	1.0	14.0	0.8666666666666667	0.8583888165003729	0.325263421475393	0.18394918575695082
order	simulated_fungi	4.458122967147585	872.0000287159434	0.4908819	0.9230769230769231	0.8	0.8571428571428571	24.0	6.0	2.0	30.0	0.75	0.9445656772518646	0.2777156310729188	0.2500431058831775
family	simulated_fungi	4.458122967147585	872.0000287159434	0.4977387000000001	0.9024390243902439	0.6981132075471698	0.7872340425531914	37.0	16.0	4.0	53.0	0.6491228070175439	1.1550150354885342	0.29091438630646455	0.25353816659957285
genus	simulated_fungi	4.458122967147585	872.0000287159434	0.5030934999999999	0.8793103448275862	0.5666666666666667	0.6891891891891893	51.0	39.0	7.0	90.0	0.5257731958762887	1.2787779835378168	0.28418490496820514	0.25626294925230214
species	simulated_fungi	4.458122967147585	872.0000287159434	0.5132220000000001	0.863013698630137	0.44366197183098594	0.586046511627907	63.0	79.0	10.0	142.0	0.4144736842105263	1.3379886910240377	0.26998292625482706	0.2614230666728607
strain	simulated_fungi	4.458122967147585	872.0000287159434	1.9606151999999988	0.0547945205479452	0.028169014084507043	0.037209302325581395	4.0	138.0	69.0	142.0	0.018957345971563982	1.3379886910240377	0.26998292625482706	0.9986906994427831
