tool	sample	Weighted UniFrac error	Unweighted UniFrac error	L1 norm error	Completeness	Purity	F1 score	True positives	False positives	False negatives	Taxon counts	Jaccard index	Shannon diversity	Shannon equitability	Bray-Curtis distance
MiCoP	simulated_fungi	2.221377090199027	159.72936469203023	1.2161100000000002	0.07142857142857142	0.07692307692307693	0.07407407407407408	1.0	12.0	13.0	13.0	0.038461538461538464	0.9079403846232518	0.35397984836699337	0.608055
Metalign	simulated_fungi	4.401185842817783	12447.999985358792	0.409242	1.0	0.2413793103448276	0.3888888888888889	14.0	44.0	0.0	58.0	0.2413793103448276	0.8805357863858595	0.21685707300873178	0.2567856100366515
MetaBinG2	simulated_fungi	10.647148800000004	688.9999670000001	1.1075142999999996	0.2857142857142857	0.2857142857142857	0.2857142857142857	4.0	10.0	10.0	14.0	0.16666666666666666	2.3351420169550283	0.8848394427624893	0.5537571776878589
Diamond+Megan	simulated_fungi	3.2423807000000013	538.4880980999999	0.29836679999999993	0.7857142857142857	1.0	0.88	11.0	0.0	3.0	11.0	0.7857142857142857	0.849551703838304	0.354290578690231	0.1600295980428734
