tool	sample	Weighted UniFrac error	Unweighted UniFrac error	L1 norm error	Completeness	Purity	F1 score	True positives	False positives	False negatives	Taxon counts	Jaccard index	Shannon diversity	Shannon equitability	Bray-Curtis distance
MiCoP	simulated_fungi	2.221377090199027	159.72936469203023	1.8212598757839922	0.17073170731707318	0.2	0.1842105263157895	7.0	28.0	34.0	35.0	0.10144927536231885	1.3090285256506435	0.36818575931557673	0.9113947661082026
Metalign	simulated_fungi	4.401185842817783	12447.999985358792	0.43866390000000005	0.975609756097561	0.149812734082397	0.25974025974025977	40.0	227.0	1.0	267.0	0.14925373134328357	1.1136042801253327	0.19931174504844426	0.2754062450852703
MetaBinG2	simulated_fungi	10.647148800000004	688.9999670000001	1.8065214	0.17073170731707318	0.3888888888888889	0.23728813559322035	7.0	11.0	34.0	18.0	0.1346153846153846	2.546438444063674	0.8810072396767288	0.9032607
Diamond+Megan	simulated_fungi	3.2423807000000013	538.4880980999999	0.5811845999999999	0.6097560975609756	1.0	0.7575757575757575	25.0	0.0	16.0	25.0	0.6097560975609756	1.1135410491384732	0.3459409774479474	0.29059227094077283
