tool	sample	Weighted UniFrac error	Unweighted UniFrac error	L1 norm error	Completeness	Purity	F1 score	True positives	False positives	False negatives	Taxon counts	Jaccard index	Shannon diversity	Shannon equitability	Bray-Curtis distance
MiCoP	simulated_fungi	2.221377090199027	159.72936469203023	1.029995798513811	0.3275862068965517	0.3392857142857143	0.3333333333333333	19.0	37.0	39.0	56.0	0.2	1.4629242261571596	0.36342768000228715	0.5146890612359085
Metalign	simulated_fungi	4.401185842817783	12447.999985358792	0.456314399999999	0.9655172413793104	0.10275229357798166	0.18573797678275292	56.0	489.0	2.0	545.0	0.10237659963436929	1.2569020453566193	0.19948337974308117	0.286360951012172
MetaBinG2	simulated_fungi	10.647148800000004	688.9999670000001	1.9648463000000005	0.08620689655172414	0.2631578947368421	0.12987012987012989	5.0	14.0	53.0	19.0	0.06944444444444445	2.5465205375691453	0.864857636917324	0.9824221184567756
Diamond+Megan	simulated_fungi	3.2423807000000013	538.4880980999999	0.3847032000000001	0.603448275862069	0.9722222222222222	0.7446808510638298	35.0	1.0	23.0	36.0	0.5932203389830508	1.5098828325395663	0.4213408268438147	0.192351369178357
