tool	sample	Weighted UniFrac error	Unweighted UniFrac error	L1 norm error	Completeness	Purity	F1 score	True positives	False positives	False negatives	Taxon counts	Jaccard index	Shannon diversity	Shannon equitability	Bray-Curtis distance
MiCoP	simulated_fungi	2.221377090199027	159.72936469203023	1.505298394884636	0.23076923076923078	0.25	0.24000000000000002	6.0	18.0	20.0	24.0	0.13636363636363635	1.3023969030645792	0.4098095792549831	0.6526923905670186
Metalign	simulated_fungi	4.401185842817783	12447.999985358792	0.42706370000000005	0.9615384615384616	0.1773049645390071	0.2994011976047904	25.0	116.0	1.0	141.0	0.176056338028169	0.954524457561949	0.1928815458227874	0.26802872312149767
MetaBinG2	simulated_fungi	10.647148800000004	688.9999670000001	1.5155189000000002	0.19230769230769232	0.3333333333333333	0.2439024390243902	5.0	10.0	21.0	15.0	0.1388888888888889	2.335982388735198	0.862606752188133	0.7577587301292062
Diamond+Megan	simulated_fungi	3.2423807000000013	538.4880980999999	0.5340178999999999	0.6923076923076923	1.0	0.8181818181818181	18.0	0.0	8.0	18.0	0.6923076923076923	0.8407897331913552	0.2908932841923929	0.26700869634173846
