tool	sample	Weighted UniFrac error	Unweighted UniFrac error	L1 norm error	Completeness	Purity	F1 score	True positives	False positives	False negatives	Taxon counts	Jaccard index	Shannon diversity	Shannon equitability	Bray-Curtis distance
MiCoP	simulated_fungi	2.221377090199027	159.72936469203023	2.0000000000000004	0.0	0.0	na	0.0	2.0	2.0	2.0	0.0	0.07795467343387393	0.11246482077716853	1.0
Metalign	simulated_fungi	4.401185842817783	12447.999985358792	0.4070722	1.0	0.1	0.18181818181818182	2.0	18.0	0.0	20.0	0.1	0.3646049760715928	0.12170813102702373	0.2554352245824908
MetaBinG2	simulated_fungi	10.647148800000004	688.9999670000001	0.8966759999999999	1.0	0.2222222222222222	0.3636363636363636	2.0	7.0	0.0	9.0	0.2222222222222222	1.4965386070575506	0.6811040721526346	0.44833799999999996
Diamond+Megan	simulated_fungi	3.2423807000000013	538.4880980999999	0.006219200000000087	1.0	1.0	1.0	2.0	0.0	0.0	2.0	1.0	0.13609732183246526	0.1963469312859669	0.0031096000000000435
