tool	sample	Weighted UniFrac error	Unweighted UniFrac error	L1 norm error	Completeness	Purity	F1 score	True positives	False positives	False negatives	Taxon counts	Jaccard index	Shannon diversity	Shannon equitability	Bray-Curtis distance
MiCoP	simulated_fungi	2.221377090199027	159.72936469203023	0.561246986120402	0.589041095890411	0.6323529411764706	0.6099290780141843	43.0	25.0	30.0	68.0	0.4387755102040816	1.1524837772326513	0.2731322840858637	0.32892010260266075
Metalign	simulated_fungi	4.401185842817783	12447.999985358792	0.502643499999999	0.9315068493150684	0.04864091559370529	0.09245411284840245	68.0	1330.0	5.0	1398.0	0.048467569493941556	1.3986610215701694	0.193110595722746	0.31538575976448885
MetaBinG2	simulated_fungi	10.647148800000004	688.9999670000001	1.9879630999999998	0.0547945205479452	0.21052631578947367	0.08695652173913043	4.0	15.0	69.0	19.0	0.045454545454545456	2.5465205375691453	0.864857636917324	0.9939810033104481
Diamond+Megan	simulated_fungi	3.2423807000000013	538.4880980999999	0.4570602	0.4383561643835616	0.8888888888888888	0.5871559633027523	32.0	4.0	41.0	36.0	0.4155844155844156	1.2807156824940849	0.35739051599539096	0.2285299857350072
