tool	sample	Weighted UniFrac error	Unweighted UniFrac error	L1 norm error	Completeness	Purity	F1 score	True positives	False positives	False negatives	Taxon counts	Jaccard index	Shannon diversity	Shannon equitability	Bray-Curtis distance
MiCoP	simulated_fungi	2.221377090199027	159.72936469203023	0.3951089117341297	0.684931506849315	0.8620689655172413	0.7633587786259542	50.0	8.0	23.0	58.0	0.6172839506172839	1.4113025239679098	0.3475735333071425	0.19876080538324412
Metalign	simulated_fungi	4.401185842817783	12447.999985358792	1.5915238999999994	0.0410958904109589	0.002145922746781116	0.00407885791978246	3.0	1395.0	70.0	1398.0	0.0020435967302452314	1.3986610215701694	0.193110595722746	0.9986083066524132
MetaBinG2	simulated_fungi	10.647148800000004	688.9999670000001	na	0.0	0.0	na	0.0	0.0	73.0	0.0	0.0	na	na	na
Diamond+Megan	simulated_fungi	3.2423807000000013	538.4880980999999	0.49721049999999983	0.3287671232876712	0.46153846153846156	0.384	24.0	28.0	49.0	52.0	0.2376237623762376	1.5189081145437597	0.3844126616135633	0.24860506354620232
