tool	sample	Weighted UniFrac error	Unweighted UniFrac error	L1 norm error	Completeness	Purity	F1 score	True positives	False positives	False negatives	Taxon counts	Jaccard index	Shannon diversity	Shannon equitability	Bray-Curtis distance
MiCoP	simulated_fungi	2.221377090199027	159.72936469203023	2.0000000000000004	0.0	0.0	na	0.0	1.0	1.0	1.0	0.0	-2.220446049250313e-16	0.0	1.0
Metalign	simulated_fungi	4.401185842817783	12447.999985358792	0.4062766	1.0	0.25	0.4	1.0	3.0	0.0	4.0	0.25	0.3107624038996948	0.22416768950041138	0.25487643144915917
MetaBinG2	simulated_fungi	10.647148800000004	688.9999670000001	0.36810779999999993	1.0	0.5	0.6666666666666666	1.0	1.0	0.0	2.0	0.5	0.47748525915375584	0.6888656154787051	0.18405389999999996
Diamond+Megan	simulated_fungi	3.2423807000000013	538.4880980999999	0.0	1.0	1.0	1.0	1.0	0.0	0.0	1.0	1.0	0.0	0.0	0.0
