tool	sample	Weighted UniFrac error	Unweighted UniFrac error	L1 norm error	Completeness	Purity	F1 score	True positives	False positives	False negatives	Taxon counts	Jaccard index	Shannon diversity	Shannon equitability	Bray-Curtis distance
MiCoP	simulated_virus	12.217203469758992	749.0807051643421	na	0.0	0.0	na	0.0	0.0	16.0	0.0	0.0	na	na	na
Metalign	simulated_virus	9.838109178767027	216.99999720014037	na	0.0	0.0	na	0.0	0.0	16.0	0.0	0.0	na	na	na
MetaBinG2	simulated_virus	11.34232340000001	680.9999651	1.6266203	0.4375	0.875	0.5833333333333334	7.0	1.0	9.0	8.0	0.4117647058823529	0.5273807168950123	0.2536165149749669	0.8508996192133099
MetaPhlAn3	simulated_virus	8.255970900000008	523.8885871000001	0.9645033000000001	0.1875	1.0	0.3157894736842105	3.0	0.0	13.0	3.0	0.1875	0.14691651110764478	0.13372917144933574	0.9298043946965181
Diamond+Megan	simulated_virus	10.856552100000009	493.27225009999995	1.4161821	0.75	1.0	0.8571428571428571	12.0	0.0	4.0	12.0	0.75	0.9153302091125524	0.3683559739319156	0.7122974155428761
