tool	sample	Weighted UniFrac error	Unweighted UniFrac error	L1 norm error	Completeness	Purity	F1 score	True positives	False positives	False negatives	Taxon counts	Jaccard index	Shannon diversity	Shannon equitability	Bray-Curtis distance
MiCoP	simulated_virus	12.217203469758992	749.0807051643421	1.20196026661576	0.0	0.0	na	0.0	6.0	33.0	6.0	0.0	0.48836379474314534	0.27256102346904154	1.0
Metalign	simulated_virus	9.838109178767027	216.99999720014037	1.3312347	0.8484848484848485	1.0	0.9180327868852458	28.0	0.0	5.0	28.0	0.8484848484848485	1.4744099625400662	0.4424728308355069	0.6716546182846441
MetaBinG2	simulated_virus	11.34232340000001	680.9999651	1.6781511	0.24242424242424243	0.7272727272727273	0.36363636363636365	8.0	3.0	25.0	11.0	0.2222222222222222	1.4753519823991819	0.6152695654124334	0.8548133040373048
MetaPhlAn3	simulated_virus	8.255970900000008	523.8885871000001	0.7177853000000001	0.48484848484848486	1.0	0.653061224489796	16.0	0.0	17.0	16.0	0.48484848484848486	1.139362696868294	0.41093822813644076	0.3590395869509597
Diamond+Megan	simulated_virus	10.856552100000009	493.27225009999995	1.4454542000000001	0.7575757575757576	1.0	0.8620689655172413	25.0	0.0	8.0	25.0	0.7575757575757576	1.3429066983941649	0.41719742278320143	0.7227263772736228
