tool	sample	Weighted UniFrac error	Unweighted UniFrac error	L1 norm error	Completeness	Purity	F1 score	True positives	False positives	False negatives	Taxon counts	Jaccard index	Shannon diversity	Shannon equitability	Bray-Curtis distance
MiCoP	simulated_virus	12.217203469758992	749.0807051643421	1.6986825893329867	0.21739130434782608	0.2727272727272727	0.24193548387096772	15.0	40.0	54.0	55.0	0.13761467889908258	2.4743782903227594	0.6174625807110713	0.8766967212863992
Metalign	simulated_virus	9.838109178767027	216.99999720014037	1.3806734000000003	0.782608695652174	0.8852459016393442	0.8307692307692308	54.0	7.0	15.0	61.0	0.7105263157894737	1.6232925667858167	0.39487773656423236	0.6960465087203347
MetaBinG2	simulated_virus	11.34232340000001	680.9999651	1.6781500999999996	0.11594202898550725	0.6666666666666666	0.19753086419753088	8.0	4.0	61.0	12.0	0.1095890410958904	1.597331229069021	0.6428133745810117	0.8548132300823539
MetaPhlAn3	simulated_virus	8.255970900000008	523.8885871000001	0.7602738999999997	0.391304347826087	0.9310344827586207	0.5510204081632654	27.0	2.0	42.0	29.0	0.38028169014084506	1.3427018024202009	0.3987477994844291	0.3805299422979082
Diamond+Megan	simulated_virus	10.856552100000009	493.27225009999995	1.3210269999999997	0.6086956521739131	1.0	0.7567567567567568	42.0	0.0	27.0	42.0	0.6086956521739131	1.7266740920804042	0.461965413859513	0.6605130376408733
