tool	sample	Weighted UniFrac error	Unweighted UniFrac error	L1 norm error	Completeness	Purity	F1 score	True positives	False positives	False negatives	Taxon counts	Jaccard index	Shannon diversity	Shannon equitability	Bray-Curtis distance
MiCoP	simulated_virus	12.217203469758992	749.0807051643421	1.9220182064305462	0.0	0.0	na	0.0	26.0	20.0	26.0	0.0	2.1133790193188866	0.648654511815743	1.0
Metalign	simulated_virus	9.838109178767027	216.99999720014037	0.9361700999999999	0.3	1.0	0.4615384615384615	6.0	0.0	14.0	6.0	0.3	0.25077111929361623	0.13995802650991773	0.879999800720021
MetaBinG2	simulated_virus	11.34232340000001	680.9999651	1.6266203	0.4	0.8	0.5333333333333333	8.0	2.0	12.0	10.0	0.36363636363636365	1.322537430881932	0.5743707083425263	0.85089961921331
MetaPhlAn3	simulated_virus	8.255970900000008	523.8885871000001	0.9621924	0.25	1.0	0.4	5.0	0.0	15.0	5.0	0.25	0.16253116275489654	0.10098628937421127	0.9255148036406049
Diamond+Megan	simulated_virus	10.856552100000009	493.27225009999995	1.534	0.75	1.0	0.8571428571428571	15.0	0.0	5.0	15.0	0.75	1.1352624953731514	0.41921766993502757	0.767
