tool	sample	Weighted UniFrac error	Unweighted UniFrac error	L1 norm error	Completeness	Purity	F1 score	True positives	False positives	False negatives	Taxon counts	Jaccard index	Shannon diversity	Shannon equitability	Bray-Curtis distance
MiCoP	simulated_virus	12.217203469758992	749.0807051643421	5.008289807970431	0.0	0.0	na	0.0	1.0	10.0	1.0	0.0	-5.5649655623160905	0.0	1.0
Metalign	simulated_virus	9.838109178767027	216.99999720014037	na	0.0	0.0	na	0.0	0.0	10.0	0.0	0.0	na	na	na
MetaBinG2	simulated_virus	11.34232340000001	680.9999651	1.6266213000000003	0.6	0.8571428571428571	0.7058823529411764	6.0	1.0	4.0	7.0	0.5454545454545454	0.5166142291019703	0.26548719598012915	0.8508996972090112
MetaPhlAn3	simulated_virus	8.255970900000008	523.8885871000001	3.8513034	0.1	0.5	0.16666666666666669	1.0	1.0	9.0	2.0	0.09090909090909091	-2.9414757830698965	-4.24365252512992	0.9809887587697459
Diamond+Megan	simulated_virus	10.856552100000009	493.27225009999995	1.4226370000000004	0.8	1.0	0.888888888888889	8.0	0.0	2.0	8.0	0.8	0.8169146764769714	0.39285291752757956	0.7113181443409279
