tool	sample	Weighted UniFrac error	Unweighted UniFrac error	L1 norm error	Completeness	Purity	F1 score	True positives	False positives	False negatives	Taxon counts	Jaccard index	Shannon diversity	Shannon equitability	Bray-Curtis distance
MiCoP	simulated_virus	12.217203469758992	749.0807051643421	1.9203689384656923	0.0	0.0	na	0.0	79.0	80.0	79.0	0.0	2.5782798044079684	0.5900699336535744	1.0
Metalign	simulated_virus	9.838109178767027	216.99999720014037	1.4028021000000002	0.75	0.7228915662650602	0.7361963190184048	60.0	23.0	20.0	83.0	0.5825242718446602	1.7381373092445709	0.3933469123502221	0.7016472229281645
MetaBinG2	simulated_virus	11.34232340000001	680.9999651	1.7166966999999993	0.1	0.5333333333333333	0.16842105263157897	8.0	7.0	72.0	15.0	0.09195402298850575	2.0953952194364502	0.7737652790127739	0.8583483070825847
MetaPhlAn3	simulated_virus	8.255970900000008	523.8885871000001	0.7758405	0.3	0.6857142857142857	0.41739130434782606	24.0	11.0	56.0	35.0	0.26373626373626374	1.3582622467669865	0.38203355150493495	0.38792019181197135
Diamond+Megan	simulated_virus	10.856552100000009	493.27225009999995	1.5195867999999992	0.5125	0.8541666666666666	0.6406249999999999	41.0	7.0	39.0	48.0	0.47126436781609193	1.510771922900438	0.390259229278855	0.7597934000000001
