tool	sample	Weighted UniFrac error	Unweighted UniFrac error	L1 norm error	Completeness	Purity	F1 score	True positives	False positives	False negatives	Taxon counts	Jaccard index	Shannon diversity	Shannon equitability	Bray-Curtis distance
MiCoP	simulated_virus	12.217203469758992	749.0807051643421	1.0048872292288749	0.0	0.0	na	0.0	1.0	82.0	1.0	0.0	0.02600125964182936	0.0	1.0
Metalign	simulated_virus	9.838109178767027	216.99999720014037	1.7197639	0.6341463414634146	0.6265060240963856	0.6303030303030304	52.0	31.0	30.0	83.0	0.46017699115044247	1.7381373092445709	0.3933469123502221	0.8601833152244889
MetaBinG2	simulated_virus	11.34232340000001	680.9999651	1.0507591999999994	0.0	0.0	na	0.0	4.0	82.0	4.0	0.0	0.2023456212150787	0.14596151213629535	1.0
MetaPhlAn3	simulated_virus	8.255970900000008	523.8885871000001	na	0.0	0.0	na	0.0	0.0	82.0	0.0	0.0	na	na	na
Diamond+Megan	simulated_virus	10.856552100000009	493.27225009999995	2.0000007999999996	0.0	0.0	na	0.0	58.0	82.0	58.0	0.0	3.5063620936087188	0.8635417575130214	1.0
