accession	tax_id	name	abundance
KT447174.1	137745	Amphinema byssoides	0.434970984428748
NR_121563.1	4896	Schizosaccharomyces pombe	0.430664601003072
KT447180.1	85907	Tylospora asterophora	0.043063834256755
EF202181.1	64518	Mortierella alpina	0.043063834256755
GU327634.1	5346	Coprinopsis cinerea	0.043063834256755
LT000195.1	56470	Tricholoma vaccinum	0.004306383425676
NR_111189.1	109760	Spizellomyces punctatus	0.00043326418612
DQ179118.1	41956	Amanita muscaria	0.00043326418612
