tool	sample	Weighted UniFrac error	Unweighted UniFrac error	L1 norm error	Completeness	Purity	F1 score	True positives	False positives	False negatives	Taxon counts	Jaccard index	Shannon diversity	Shannon equitability	Bray-Curtis distance
MiCoP	simulated_fungi	2.2193631258090676	186.73399837722081	1.2161100000000002	0.07142857142857142	0.07692307692307693	0.07407407407407408	1.0	12.0	13.0	13.0	0.038461538461538464	0.9079403846232518	0.35397984836699337	0.6080550000000001
Metalign	simulated_fungi	4.458122967147585	872.0000287159434	0.36112859999999997	0.9285714285714286	0.9285714285714286	0.9285714285714286	13.0	1.0	1.0	14.0	0.8666666666666667	0.8583888165003729	0.325263421475393	0.18394918575695082
MetaBinG2	simulated_fungi	8.7954569	646.9999670000001	0.6018882	0.21428571428571427	0.75	0.3333333333333333	3.0	1.0	11.0	4.0	0.2	1.196225119608521	0.8628940239230102	0.3009441
Diamond+Megan	simulated_fungi	3.2423807000000022	538.4880980999999	0.29836679999999993	0.7857142857142857	1.0	0.88	11.0	0.0	3.0	11.0	0.7857142857142857	0.849551703838304	0.354290578690231	0.16002959804287337
