tool	sample	Weighted UniFrac error	Unweighted UniFrac error	L1 norm error	Completeness	Purity	F1 score	True positives	False positives	False negatives	Taxon counts	Jaccard index	Shannon diversity	Shannon equitability	Bray-Curtis distance
MiCoP	simulated_fungi	2.2193631258090676	186.73399837722081	1.8212598757839924	0.17073170731707318	0.2	0.1842105263157895	7.0	28.0	34.0	35.0	0.10144927536231885	1.3090285256506435	0.36818575931557673	0.9113947661082026
Metalign	simulated_fungi	4.458122967147585	872.0000287159434	0.4977387000000001	0.9024390243902439	0.6981132075471698	0.7872340425531914	37.0	16.0	4.0	53.0	0.6491228070175439	1.1550150354885342	0.29091438630646455	0.25353816659957285
MetaBinG2	simulated_fungi	8.7954569	646.9999670000001	1.4837122999999999	0.0975609756097561	0.6666666666666666	0.1702127659574468	4.0	2.0	37.0	6.0	0.09302325581395349	1.6025236007349286	0.8943854508693319	0.7418561870928093
Diamond+Megan	simulated_fungi	3.2423807000000022	538.4880980999999	0.5811845999999998	0.6097560975609756	1.0	0.7575757575757575	25.0	0.0	16.0	25.0	0.6097560975609756	1.1135410491384732	0.3459409774479474	0.29059227094077283
