tool	sample	Weighted UniFrac error	Unweighted UniFrac error	L1 norm error	Completeness	Purity	F1 score	True positives	False positives	False negatives	Taxon counts	Jaccard index	Shannon diversity	Shannon equitability	Bray-Curtis distance
MiCoP	simulated_fungi	2.2193631258090676	186.73399837722081	1.029995798513811	0.3275862068965517	0.3392857142857143	0.3333333333333333	19.0	37.0	39.0	56.0	0.2	1.4629242261571596	0.36342768000228715	0.5146890612359085
Metalign	simulated_fungi	4.458122967147585	872.0000287159434	0.5030934999999999	0.8793103448275862	0.5666666666666667	0.6891891891891893	51.0	39.0	7.0	90.0	0.5257731958762887	1.2787779835378168	0.28418490496820514	0.25626294925230214
MetaBinG2	simulated_fungi	8.7954569	646.9999670000001	1.9899619	0.034482758620689655	0.3333333333333333	0.0625	2.0	4.0	56.0	6.0	0.03225806451612903	1.6025236007349286	0.8943854508693319	0.9949800047689954
Diamond+Megan	simulated_fungi	3.2423807000000022	538.4880980999999	0.3847031999999999	0.603448275862069	0.9722222222222222	0.7446808510638298	35.0	1.0	23.0	36.0	0.5932203389830508	1.5098828325395663	0.4213408268438147	0.19235136917835696
