tool	sample	Weighted UniFrac error	Unweighted UniFrac error	L1 norm error	Completeness	Purity	F1 score	True positives	False positives	False negatives	Taxon counts	Jaccard index	Shannon diversity	Shannon equitability	Bray-Curtis distance
MiCoP	simulated_fungi	2.2193631258090676	186.73399837722081	1.5052983948846361	0.23076923076923078	0.25	0.24000000000000002	6.0	18.0	20.0	24.0	0.13636363636363635	1.3023969030645792	0.4098095792549831	0.6526923905670188
Metalign	simulated_fungi	4.458122967147585	872.0000287159434	0.4908819	0.9230769230769231	0.8	0.8571428571428571	24.0	6.0	2.0	30.0	0.75	0.9445656772518646	0.2777156310729188	0.2500431058831775
MetaBinG2	simulated_fungi	8.7954569	646.9999670000001	0.7350072999999999	0.19230769230769232	0.8333333333333334	0.3125	5.0	1.0	21.0	6.0	0.18518518518518517	1.6025236007349286	0.8943854508693319	0.36750330087186406
Diamond+Megan	simulated_fungi	3.2423807000000022	538.4880980999999	0.5340178999999999	0.6923076923076923	1.0	0.8181818181818181	18.0	0.0	8.0	18.0	0.6923076923076923	0.8407897331913552	0.2908932841923929	0.2670086963417384
