tool	sample	Weighted UniFrac error	Unweighted UniFrac error	L1 norm error	Completeness	Purity	F1 score	True positives	False positives	False negatives	Taxon counts	Jaccard index	Shannon diversity	Shannon equitability	Bray-Curtis distance
MiCoP	simulated_fungi	2.2193631258090676	186.73399837722081	2.0000000000000004	0.0	0.0	na	0.0	2.0	2.0	2.0	0.0	0.07795467343387393	0.11246482077716853	1.0
Metalign	simulated_fungi	4.458122967147585	872.0000287159434	0.036801499999999994	1.0	1.0	1.0	2.0	0.0	0.0	2.0	1.0	0.11835011559078198	0.17074312485145676	0.018745684656951395
MetaBinG2	simulated_fungi	8.7954569	646.9999670000001	0.00374340000000009	1.0	1.0	1.0	2.0	0.0	0.0	2.0	1.0	0.1317844202541742	0.19012472956712417	0.001871700000000045
Diamond+Megan	simulated_fungi	3.2423807000000022	538.4880980999999	0.006219200000000087	1.0	1.0	1.0	2.0	0.0	0.0	2.0	1.0	0.13609732183246526	0.1963469312859669	0.0031096000000000435
