tool	sample	Weighted UniFrac error	Unweighted UniFrac error	L1 norm error	Completeness	Purity	F1 score	True positives	False positives	False negatives	Taxon counts	Jaccard index	Shannon diversity	Shannon equitability	Bray-Curtis distance
MiCoP	simulated_fungi	2.2193631258090676	186.73399837722081	0.5612469861204019	0.589041095890411	0.6323529411764706	0.6099290780141843	43.0	25.0	30.0	68.0	0.4387755102040816	1.1524837772326513	0.2731322840858637	0.3289201026026609
Metalign	simulated_fungi	4.458122967147585	872.0000287159434	0.5132220000000001	0.863013698630137	0.44366197183098594	0.586046511627907	63.0	79.0	10.0	142.0	0.4144736842105263	1.3379886910240377	0.26998292625482706	0.2614230666728607
MetaBinG2	simulated_fungi	8.7954569	646.9999670000001	1.9899608999999998	0.0273972602739726	0.3333333333333333	0.05063291139240506	2.0	4.0	71.0	6.0	0.025974025974025976	1.6025236007349286	0.8943854508693319	0.9949800022589989
Diamond+Megan	simulated_fungi	3.2423807000000022	538.4880980999999	0.4570602000000001	0.4383561643835616	0.8888888888888888	0.5871559633027523	32.0	4.0	41.0	36.0	0.4155844155844156	1.2807156824940849	0.35739051599539096	0.22852998573500713
