tool	sample	Weighted UniFrac error	Unweighted UniFrac error	L1 norm error	Completeness	Purity	F1 score	True positives	False positives	False negatives	Taxon counts	Jaccard index	Shannon diversity	Shannon equitability	Bray-Curtis distance
MiCoP	simulated_fungi	2.2193631258090676	186.73399837722081	0.3951089117341299	0.684931506849315	0.8620689655172413	0.7633587786259542	50.0	8.0	23.0	58.0	0.6172839506172839	1.4113025239679098	0.3475735333071425	0.19876080538324414
Metalign	simulated_fungi	4.458122967147585	872.0000287159434	1.9606151999999988	0.0547945205479452	0.028169014084507043	0.037209302325581395	4.0	138.0	69.0	142.0	0.018957345971563982	1.3379886910240377	0.26998292625482706	0.9986906994427831
MetaBinG2	simulated_fungi	8.7954569	646.9999670000001	1.9911829000000005	0.0136986301369863	0.16666666666666666	0.02531645569620253	1.0	5.0	72.0	6.0	0.01282051282051282	1.6025236007349286	0.8943854508693319	0.9955910019840492
Diamond+Megan	simulated_fungi	3.2423807000000022	538.4880980999999	0.49721050000000006	0.3287671232876712	0.46153846153846156	0.384	24.0	28.0	49.0	52.0	0.2376237623762376	1.5189081145437597	0.3844126616135633	0.24860506354620232
