tool	sample	Weighted UniFrac error	Unweighted UniFrac error	L1 norm error	Completeness	Purity	F1 score	True positives	False positives	False negatives	Taxon counts	Jaccard index	Shannon diversity	Shannon equitability	Bray-Curtis distance
MiCoP	simulated_fungi	2.2193631258090676	186.73399837722081	2.0000000000000004	0.0	0.0	na	0.0	1.0	1.0	1.0	0.0	-2.220446049250313e-16	0.0	1.0
Metalign	simulated_fungi	4.458122967147585	872.0000287159434	0.03680139999999994	1.0	1.0	1.0	1.0	0.0	0.0	1.0	1.0	0.03611576521174184	0.0	0.01874563276481551
MetaBinG2	simulated_fungi	8.7954569	646.9999670000001	0.0	1.0	1.0	1.0	1.0	0.0	0.0	1.0	1.0	0.0	0.0	0.0
Diamond+Megan	simulated_fungi	3.2423807000000022	538.4880980999999	0.0	1.0	1.0	1.0	1.0	0.0	0.0	1.0	1.0	0.0	0.0	0.0
