rank	sample	Weighted UniFrac error	Unweighted UniFrac error	L1 norm error	Completeness	Purity	F1 score	True positives	False positives	False negatives	Taxon counts	Jaccard index	Shannon diversity	Shannon equitability	Bray-Curtis distance
superkingdom	mock_viruses	10.984602291603354	456.58144739999994	0.7325994000000001	1.0	0.3333333333333333	0.5	1.0	2.0	0.0	3.0	0.3333333333333333	0.6617303964834296	0.6023329643305474	0.36622645470905824
phylum	mock_viruses	10.984602291603354	456.58144739999994	1.1710386	1.0	0.2857142857142857	0.4444444444444445	2.0	5.0	0.0	7.0	0.2857142857142857	0.9982116439559152	0.5129793091631286	0.5854022195560888
class	mock_viruses	10.984602291603354	456.58144739999994	1.1526926	1.0	0.2857142857142857	0.4444444444444445	2.0	5.0	0.0	7.0	0.2857142857142857	0.8524353261100234	0.4380651010653589	0.5762310537892421
order	mock_viruses	10.984602291603354	456.58144739999994	1.0745072	1.0	0.2222222222222222	0.3636363636363636	2.0	7.0	0.0	9.0	0.2222222222222222	1.0269707000564243	0.4673945078938907	0.5371461707658469
family	mock_viruses	10.984602291603354	456.58144739999994	1.1219606	1.0	0.4	0.5714285714285715	4.0	6.0	0.0	10.0	0.4	1.7502542805947143	0.7601257759898301	0.560868126374725
genus	mock_viruses	10.984602291603354	456.58144739999994	1.2398947	1.0	0.36363636363636365	0.5333333333333333	4.0	7.0	0.0	11.0	0.36363636363636365	1.659315341440154	0.6919882449677273	0.7210367365106267
species	mock_viruses	10.984602291603354	456.58144739999994	1.1437814000000002	0.5	0.16666666666666666	0.25	6.0	30.0	6.0	36.0	0.14285714285714285	1.156078844116974	0.32260994401638304	0.8996054507633007
strain	mock_viruses	10.984602291603354	456.58144739999994	1.2652291	1.0	0.10714285714285714	0.19354838709677416	3.0	25.0	0.0	28.0	0.10714285714285714	1.6234411545226128	0.4871973342468269	0.9070392209449265
