rank	sample	Weighted UniFrac error	Unweighted UniFrac error	L1 norm error	Completeness	Purity	F1 score	True positives	False positives	False negatives	Taxon counts	Jaccard index	Shannon diversity	Shannon equitability	Bray-Curtis distance
superkingdom	mock_viruses	12.486818647740904	87.9843393	0.5665560812723612	1.0	0.5	0.6666666666666666	1.0	1.0	0.0	2.0	0.5	0.37554654957893047	0.5417991447004842	0.39379460896986135
phylum	mock_viruses	12.486818647740904	87.9843393	2.310697334393019	0.0	0.0	na	0.0	3.0	2.0	3.0	0.0	-0.3374289126796414	-0.30714103251905145	1.0
class	mock_viruses	12.486818647740904	87.9843393	1.002632836724466	0.0	0.0	na	0.0	2.0	2.0	2.0	0.0	0.013849927124697854	0.019981221179475137	1.0
order	mock_viruses	12.486818647740904	87.9843393	1.002632836724466	0.0	0.0	na	0.0	2.0	2.0	2.0	0.0	0.013849927124697854	0.019981221179475137	1.0
family	mock_viruses	12.486818647740904	87.9843393	0.8483256389430504	0.5	0.5	0.5	2.0	2.0	2.0	4.0	0.3333333333333333	0.4527939246800539	0.3266217748402823	0.711231330213725
genus	mock_viruses	12.486818647740904	87.9843393	0.7216670242057455	0.25	0.3333333333333333	0.28571428571428575	1.0	2.0	3.0	3.0	0.16666666666666666	0.015293267532235384	0.013920532011139256	0.9995406846843987
species	mock_viruses	12.486818647740904	87.9843393	1.29830963600753	0.16666666666666666	0.18181818181818182	0.17391304347826086	2.0	9.0	10.0	11.0	0.09523809523809523	0.9629428470549781	0.4015783583122098	0.9024125532448543
strain	mock_viruses	12.486818647740904	87.9843393	na	0.0	0.0	na	0.0	0.0	3.0	0.0	0.0	na	na	na
