rank	sample	Weighted UniFrac error	Unweighted UniFrac error	L1 norm error	Completeness	Purity	F1 score	True positives	False positives	False negatives	Taxon counts	Jaccard index	Shannon diversity	Shannon equitability	Bray-Curtis distance
superkingdom	mock_viruses	14.346304756737526	9375.99999127063	1.7374957	1.0	0.25	0.4	1.0	3.0	0.0	4.0	0.25	0.7905068823820629	0.5702301795005986	0.9229824364108681
phylum	mock_viruses	14.346304756737526	9375.99999127063	1.7567450000000002	0.0	0.0	na	0.0	21.0	2.0	21.0	0.0	1.4089822126347986	0.4627925204875092	1.0
class	mock_viruses	14.346304756737526	9375.99999127063	1.7718198999999992	0.0	0.0	na	0.0	49.0	2.0	49.0	0.0	2.1497708523641763	0.5523818387523781	1.0
order	mock_viruses	14.346304756737526	9375.99999127063	1.7284914999999998	0.5	0.010526315789473684	0.020618556701030927	1.0	94.0	1.0	95.0	0.010416666666666666	3.0480933209492727	0.6693402991572673	0.9314114603779065
family	mock_viruses	14.346304756737526	9375.99999127063	1.6740303999999997	1.0	0.02631578947368421	0.05128205128205127	4.0	148.0	0.0	152.0	0.02631578947368421	3.153866823719378	0.6277750457306072	0.9217674796207188
genus	mock_viruses	14.346304756737526	9375.99999127063	1.4718383000000004	1.0	0.013333333333333334	0.02631578947368421	4.0	296.0	0.0	300.0	0.013333333333333334	3.3534888388533366	0.5879412221195323	0.976355537005121
species	mock_viruses	14.346304756737526	9375.99999127063	1.7770344000000007	0.9166666666666666	0.011066398390342052	0.02186878727634195	11.0	983.0	1.0	994.0	0.011055276381909548	4.036566789666534	0.5848624293856557	0.944210412552984
strain	mock_viruses	14.346304756737526	9375.99999127063	1.2765322000000012	0.0	0.0	na	0.0	994.0	3.0	994.0	0.0	4.036566789666534	0.5848624293856557	1.0
