rank	sample	Weighted UniFrac error	Unweighted UniFrac error	L1 norm error	Completeness	Purity	F1 score	True positives	False positives	False negatives	Taxon counts	Jaccard index	Shannon diversity	Shannon equitability	Bray-Curtis distance
superkingdom	mock_viruses	7.66149851970413	209.99999923856663	0.08108130000000002	1.0	1.0	1.0	1.0	0.0	0.0	1.0	1.0	0.07733532000532647	0.0	0.04223603176861278
phylum	mock_viruses	7.66149851970413	209.99999923856663	0.8616696	1.0	0.5	0.6666666666666666	2.0	2.0	0.0	4.0	0.5	0.8998383065072344	0.6490961311999551	0.4514069967671686
class	mock_viruses	7.66149851970413	209.99999923856663	0.8616696999999999	1.0	0.4	0.5714285714285715	2.0	3.0	0.0	5.0	0.4	0.8999190815663963	0.5591511636540029	0.45140702550657247
order	mock_viruses	7.66149851970413	209.99999923856663	0.8616696000000001	1.0	0.3333333333333333	0.5	2.0	4.0	0.0	6.0	0.3333333333333333	0.986607490662818	0.5506361247739793	0.4514069967671687
family	mock_viruses	7.66149851970413	209.99999923856663	0.9345265	1.0	0.3076923076923077	0.47058823529411764	4.0	9.0	0.0	13.0	0.3076923076923077	1.6942689447774804	0.6605467432909685	0.4868038739217365
genus	mock_viruses	7.66149851970413	209.99999923856663	1.0060428	0.5	0.10526315789473684	0.17391304347826086	2.0	17.0	2.0	19.0	0.09523809523809523	1.5256374959714512	0.5181419981076848	0.7445407355986342
species	mock_viruses	7.66149851970413	209.99999923856663	1.5745353000000006	0.16666666666666666	0.06666666666666667	0.09523809523809522	2.0	28.0	10.0	30.0	0.05	2.2989470325855743	0.675922851458296	0.8201907206707649
strain	mock_viruses	7.66149851970413	209.99999923856663	0.6633981999999999	0.3333333333333333	0.07692307692307693	0.125	1.0	12.0	2.0	13.0	0.06666666666666667	0.8455374850965119	0.32965075222121276	0.9074333409477329
