rank	sample	Weighted UniFrac error	Unweighted UniFrac error	L1 norm error	Completeness	Purity	F1 score	True positives	False positives	False negatives	Taxon counts	Jaccard index	Shannon diversity	Shannon equitability	Bray-Curtis distance
superkingdom	mock_viruses	8.517690381763668	252.9981335141894	0.00039999999999992044	1.0	1.0	1.0	1.0	0.0	0.0	1.0	1.0	-2.220446049250313e-16	0.0	0.00019996000799836052
phylum	mock_viruses	8.517690381763668	252.9981335141894	4.204668414273959	0.0	0.0	na	0.0	1.0	2.0	1.0	0.0	-3.7313186606816364	0.0	1.0
class	mock_viruses	8.517690381763668	252.9981335141894	na	0.0	0.0	na	0.0	0.0	2.0	0.0	0.0	na	na	na
order	mock_viruses	8.517690381763668	252.9981335141894	1.9979606430170815	0.0	0.0	na	0.0	10.0	2.0	10.0	0.0	0.613625018329089	0.2664939594181051	1.0
family	mock_viruses	8.517690381763668	252.9981335141894	1.8366149098700628	0.0	0.0	na	0.0	5.0	4.0	5.0	0.0	0.14959543360748287	0.09294886895092212	1.0
genus	mock_viruses	8.517690381763668	252.9981335141894	1.7397520768784143	0.0	0.0	na	0.0	13.0	4.0	13.0	0.0	0.7599628311844909	0.2962876553385858	1.0
species	mock_viruses	8.517690381763668	252.9981335141894	1.792730009949667	0.0	0.0	na	0.0	31.0	12.0	31.0	0.0	0.546689386802231	0.1591995992554071	1.0
strain	mock_viruses	8.517690381763668	252.9981335141894	0.469636973005406	0.0	0.0	na	0.0	8.0	3.0	8.0	0.0	0.26402322997500954	0.12696833485481088	1.0
