rank	sample	Weighted UniFrac error	Unweighted UniFrac error	L1 norm error	Completeness	Purity	F1 score	True positives	False positives	False negatives	Taxon counts	Jaccard index	Shannon diversity	Shannon equitability	Bray-Curtis distance
superkingdom	simulated_virus	9.857152400367461	822.0000135461826	0.03718129999999995	1.0	0.3333333333333333	0.5	1.0	2.0	0.0	3.0	0.3333333333333333	0.037214690067681	0.033874270706363396	0.018941232321986
phylum	simulated_virus	9.857152400367461	822.0000135461826	1.0000778000000001	0.0	0.0	na	0.0	6.0	10.0	6.0	0.0	0.0007969806623943773	0.00044480337683815396	1.0
class	simulated_virus	9.857152400367461	822.0000135461826	1.0000713	0.0	0.0	na	0.0	7.0	16.0	7.0	0.0	0.0007526530192838141	0.0003867871389895401	1.0
order	simulated_virus	9.857152400367461	822.0000135461826	0.9386216000000001	0.3	0.42857142857142855	0.3529411764705882	6.0	8.0	14.0	14.0	0.21428571428571427	0.24451066553200015	0.09265075934051298	0.8842247978180705
family	simulated_virus	9.857152400367461	822.0000135461826	1.3127371000000003	0.8787878787878788	0.7435897435897436	0.8055555555555556	29.0	10.0	4.0	39.0	0.6744186046511628	1.4604320501558117	0.3986372255257882	0.674463702963626
genus	simulated_virus	9.857152400367461	822.0000135461826	1.2994176	0.7971014492753623	0.7638888888888888	0.7801418439716311	55.0	17.0	14.0	72.0	0.6395348837209303	1.5171542383090513	0.354751621026265	0.6885780679250754
species	simulated_virus	9.857152400367461	822.0000135461826	1.3828398	0.7625	0.4066666666666667	0.5304347826086956	61.0	89.0	19.0	150.0	0.3609467455621302	1.9216930431185058	0.38352283299938567	0.7044705695359379
strain	simulated_virus	9.857152400367461	822.0000135461826	1.7036808000000008	0.6097560975609756	0.32894736842105265	0.42735042735042733	50.0	102.0	32.0	152.0	0.2717391304347826	1.9217524789228644	0.38252352358872255	0.8679165580294115
