rank	sample	Weighted UniFrac error	Unweighted UniFrac error	L1 norm error	Completeness	Purity	F1 score	True positives	False positives	False negatives	Taxon counts	Jaccard index	Shannon diversity	Shannon equitability	Bray-Curtis distance
superkingdom	simulated_virus	8.255970900000008	523.8885871000002	0.0	1.0	1.0	1.0	1.0	0.0	0.0	1.0	1.0	0.0	0.0	0.0
phylum	simulated_virus	8.255970900000008	523.8885871000002	3.8513034	0.1	0.5	0.16666666666666669	1.0	1.0	9.0	2.0	0.09090909090909091	-2.9414757830698965	-4.24365252512992	0.9809887587697459
class	simulated_virus	8.255970900000008	523.8885871000002	0.9645033	0.1875	1.0	0.3157894736842105	3.0	0.0	13.0	3.0	0.1875	0.14691651110764478	0.13372917144933574	0.929804394696518
order	simulated_virus	8.255970900000008	523.8885871000002	0.9621923999999997	0.25	1.0	0.4	5.0	0.0	15.0	5.0	0.25	0.16253116275489654	0.10098628937421127	0.9255148036406049
family	simulated_virus	8.255970900000008	523.8885871000002	0.7177853000000001	0.48484848484848486	1.0	0.653061224489796	16.0	0.0	17.0	16.0	0.48484848484848486	1.139362696868294	0.41093822813644076	0.3590395869509597
genus	simulated_virus	8.255970900000008	523.8885871000002	0.7602738999999995	0.391304347826087	0.9310344827586207	0.5510204081632654	27.0	2.0	42.0	29.0	0.38028169014084506	1.3427018024202009	0.3987477994844291	0.3805299422979081
species	simulated_virus	8.255970900000008	523.8885871000002	0.7758405000000002	0.3	0.6857142857142857	0.41739130434782606	24.0	11.0	56.0	35.0	0.26373626373626374	1.3582622467669865	0.38203355150493495	0.38792019181197124
strain	simulated_virus	8.255970900000008	523.8885871000002	na	0.0	0.0	na	0.0	0.0	82.0	0.0	0.0	na	na	na
