rank	sample	Weighted UniFrac error	Unweighted UniFrac error	L1 norm error	Completeness	Purity	F1 score	True positives	False positives	False negatives	Taxon counts	Jaccard index	Shannon diversity	Shannon equitability	Bray-Curtis distance
superkingdom	simulated_virus	12.76852301339897	770.9999637662097	0.10843850000000003	1.0	1.0	1.0	1.0	0.0	0.0	1.0	1.0	0.10233419500080443	0.0	0.05732750428680222
phylum	simulated_virus	12.76852301339897	770.9999637662097	1.499905	0.4	0.6666666666666666	0.5	4.0	2.0	6.0	6.0	0.3333333333333333	0.8851429636584558	0.4940076940348487	0.9059692902863551
class	simulated_virus	12.76852301339897	770.9999637662097	1.4999040000000001	0.25	0.5714285714285714	0.34782608695652173	4.0	3.0	12.0	7.0	0.21052631578947367	1.0515114322495789	0.540369982015901	0.9059692334901003
order	simulated_virus	12.76852301339897	770.9999637662097	1.6278087999999997	0.25	0.5555555555555556	0.3448275862068966	5.0	4.0	15.0	9.0	0.20833333333333334	1.3318486710350097	0.6061504521534441	0.9832260536703947
family	simulated_virus	12.76852301339897	770.9999637662097	1.8669880999999997	0.12121212121212122	0.36363636363636365	0.18181818181818182	4.0	7.0	29.0	11.0	0.1	1.6802289605914267	0.7007099015757183	0.9870078905624896
genus	simulated_virus	12.76852301339897	770.9999637662097	1.8778291000000003	0.057971014492753624	0.23529411764705882	0.0930232558139535	4.0	13.0	65.0	17.0	0.04878048780487805	1.970966509447357	0.6956646994417973	0.9927396530645961
species	simulated_virus	12.76852301339897	770.9999637662097	1.8792383000000001	0.0375	0.125	0.05769230769230769	3.0	21.0	77.0	24.0	0.0297029702970297	2.2844173491540136	0.7188101495763232	0.9934850658056779
strain	simulated_virus	12.76852301339897	770.9999637662097	1.1465397999999996	0.0	0.0	na	0.0	8.0	82.0	8.0	0.0	0.45595462197754394	0.2192678239991349	1.0
