tool	sample	Weighted UniFrac error	Unweighted UniFrac error	L1 norm error	Completeness	Purity	F1 score	True positives	False positives	False negatives	Taxon counts	Jaccard index	Shannon diversity	Shannon equitability	Bray-Curtis distance
MiCoP	simulated_virus	13.251064948334498	766.0273091977831	na	0.0	0.0	na	0.0	0.0	16.0	0.0	0.0	na	na	na
Metalign	simulated_virus	9.857152400367461	822.0000135461826	1.0000713	0.0	0.0	na	0.0	7.0	16.0	7.0	0.0	0.0007526530192838141	0.0003867871389895401	1.0
MetaBinG2	simulated_virus	12.76852301339897	770.9999637662097	1.4999040000000001	0.25	0.5714285714285714	0.34782608695652173	4.0	3.0	12.0	7.0	0.21052631578947367	1.0515114322495789	0.540369982015901	0.9059692334901003
MetaPhlAn3	simulated_virus	8.255970900000008	523.8885871000002	0.9645033	0.1875	1.0	0.3157894736842105	3.0	0.0	13.0	3.0	0.1875	0.14691651110764478	0.13372917144933574	0.929804394696518
Diamond+Megan	simulated_virus	10.856552100000007	493.27225009999995	1.4161821	0.75	1.0	0.8571428571428571	12.0	0.0	4.0	12.0	0.75	0.9153302091125524	0.3683559739319156	0.7122974155428762
