tool	sample	Weighted UniFrac error	Unweighted UniFrac error	L1 norm error	Completeness	Purity	F1 score	True positives	False positives	False negatives	Taxon counts	Jaccard index	Shannon diversity	Shannon equitability	Bray-Curtis distance
MiCoP	simulated_virus	13.251064948334498	766.0273091977831	1.2019602666157603	0.0	0.0	na	0.0	6.0	33.0	6.0	0.0	0.48836379474314534	0.27256102346904154	1.0
Metalign	simulated_virus	9.857152400367461	822.0000135461826	1.3127371000000003	0.8787878787878788	0.7435897435897436	0.8055555555555556	29.0	10.0	4.0	39.0	0.6744186046511628	1.4604320501558117	0.3986372255257882	0.674463702963626
MetaBinG2	simulated_virus	12.76852301339897	770.9999637662097	1.8669880999999997	0.12121212121212122	0.36363636363636365	0.18181818181818182	4.0	7.0	29.0	11.0	0.1	1.6802289605914267	0.7007099015757183	0.9870078905624896
MetaPhlAn3	simulated_virus	8.255970900000008	523.8885871000002	0.7177853000000001	0.48484848484848486	1.0	0.653061224489796	16.0	0.0	17.0	16.0	0.48484848484848486	1.139362696868294	0.41093822813644076	0.3590395869509597
Diamond+Megan	simulated_virus	10.856552100000007	493.27225009999995	1.4454542000000001	0.7575757575757576	1.0	0.8620689655172413	25.0	0.0	8.0	25.0	0.7575757575757576	1.3429066983941649	0.41719742278320143	0.7227263772736229
