tool	sample	Weighted UniFrac error	Unweighted UniFrac error	L1 norm error	Completeness	Purity	F1 score	True positives	False positives	False negatives	Taxon counts	Jaccard index	Shannon diversity	Shannon equitability	Bray-Curtis distance
MiCoP	simulated_virus	13.251064948334498	766.0273091977831	1.698682589332986	0.21739130434782608	0.2727272727272727	0.24193548387096772	15.0	40.0	54.0	55.0	0.13761467889908258	2.4743782903227594	0.6174625807110713	0.8766967212863993
Metalign	simulated_virus	9.857152400367461	822.0000135461826	1.2994176	0.7971014492753623	0.7638888888888888	0.7801418439716311	55.0	17.0	14.0	72.0	0.6395348837209303	1.5171542383090513	0.354751621026265	0.6885780679250754
MetaBinG2	simulated_virus	12.76852301339897	770.9999637662097	1.8778291000000003	0.057971014492753624	0.23529411764705882	0.0930232558139535	4.0	13.0	65.0	17.0	0.04878048780487805	1.970966509447357	0.6956646994417973	0.9927396530645961
MetaPhlAn3	simulated_virus	8.255970900000008	523.8885871000002	0.7602738999999995	0.391304347826087	0.9310344827586207	0.5510204081632654	27.0	2.0	42.0	29.0	0.38028169014084506	1.3427018024202009	0.3987477994844291	0.3805299422979081
Diamond+Megan	simulated_virus	10.856552100000007	493.27225009999995	1.3210269999999997	0.6086956521739131	1.0	0.7567567567567568	42.0	0.0	27.0	42.0	0.6086956521739131	1.7266740920804042	0.461965413859513	0.6605130376408737
