tool	sample	Weighted UniFrac error	Unweighted UniFrac error	L1 norm error	Completeness	Purity	F1 score	True positives	False positives	False negatives	Taxon counts	Jaccard index	Shannon diversity	Shannon equitability	Bray-Curtis distance
MiCoP	simulated_virus	13.251064948334498	766.0273091977831	1.922018206430546	0.0	0.0	na	0.0	26.0	20.0	26.0	0.0	2.1133790193188866	0.648654511815743	1.0
Metalign	simulated_virus	9.857152400367461	822.0000135461826	0.9386216000000001	0.3	0.42857142857142855	0.3529411764705882	6.0	8.0	14.0	14.0	0.21428571428571427	0.24451066553200015	0.09265075934051298	0.8842247978180705
MetaBinG2	simulated_virus	12.76852301339897	770.9999637662097	1.6278087999999997	0.25	0.5555555555555556	0.3448275862068966	5.0	4.0	15.0	9.0	0.20833333333333334	1.3318486710350097	0.6061504521534441	0.9832260536703947
MetaPhlAn3	simulated_virus	8.255970900000008	523.8885871000002	0.9621923999999997	0.25	1.0	0.4	5.0	0.0	15.0	5.0	0.25	0.16253116275489654	0.10098628937421127	0.9255148036406049
Diamond+Megan	simulated_virus	10.856552100000007	493.27225009999995	1.534	0.75	1.0	0.8571428571428571	15.0	0.0	5.0	15.0	0.75	1.1352624953731514	0.41921766993502757	0.7669999999999999
