tool	sample	Weighted UniFrac error	Unweighted UniFrac error	L1 norm error	Completeness	Purity	F1 score	True positives	False positives	False negatives	Taxon counts	Jaccard index	Shannon diversity	Shannon equitability	Bray-Curtis distance
MiCoP	simulated_virus	13.251064948334498	766.0273091977831	5.008289807970431	0.0	0.0	na	0.0	1.0	10.0	1.0	0.0	-5.5649655623160905	0.0	1.0
Metalign	simulated_virus	9.857152400367461	822.0000135461826	1.0000778000000001	0.0	0.0	na	0.0	6.0	10.0	6.0	0.0	0.0007969806623943773	0.00044480337683815396	1.0
MetaBinG2	simulated_virus	12.76852301339897	770.9999637662097	1.499905	0.4	0.6666666666666666	0.5	4.0	2.0	6.0	6.0	0.3333333333333333	0.8851429636584558	0.4940076940348487	0.9059692902863551
MetaPhlAn3	simulated_virus	8.255970900000008	523.8885871000002	3.8513034	0.1	0.5	0.16666666666666669	1.0	1.0	9.0	2.0	0.09090909090909091	-2.9414757830698965	-4.24365252512992	0.9809887587697459
Diamond+Megan	simulated_virus	10.856552100000007	493.27225009999995	1.4226370000000004	0.8	1.0	0.888888888888889	8.0	0.0	2.0	8.0	0.8	0.8169146764769714	0.39285291752757956	0.7113181443409278
