tool	sample	Weighted UniFrac error	Unweighted UniFrac error	L1 norm error	Completeness	Purity	F1 score	True positives	False positives	False negatives	Taxon counts	Jaccard index	Shannon diversity	Shannon equitability	Bray-Curtis distance
MiCoP	simulated_virus	13.251064948334498	766.0273091977831	1.9203689384656928	0.0	0.0	na	0.0	79.0	80.0	79.0	0.0	2.5782798044079684	0.5900699336535744	1.0
Metalign	simulated_virus	9.857152400367461	822.0000135461826	1.3828398	0.7625	0.4066666666666667	0.5304347826086956	61.0	89.0	19.0	150.0	0.3609467455621302	1.9216930431185058	0.38352283299938567	0.7044705695359379
MetaBinG2	simulated_virus	12.76852301339897	770.9999637662097	1.8792383000000001	0.0375	0.125	0.05769230769230769	3.0	21.0	77.0	24.0	0.0297029702970297	2.2844173491540136	0.7188101495763232	0.9934850658056779
MetaPhlAn3	simulated_virus	8.255970900000008	523.8885871000002	0.7758405000000002	0.3	0.6857142857142857	0.41739130434782606	24.0	11.0	56.0	35.0	0.26373626373626374	1.3582622467669865	0.38203355150493495	0.38792019181197124
Diamond+Megan	simulated_virus	10.856552100000007	493.27225009999995	1.5195868000000001	0.5125	0.8541666666666666	0.6406249999999999	41.0	7.0	39.0	48.0	0.47126436781609193	1.510771922900438	0.390259229278855	0.7597934000000001
