tool	sample	Weighted UniFrac error	Unweighted UniFrac error	L1 norm error	Completeness	Purity	F1 score	True positives	False positives	False negatives	Taxon counts	Jaccard index	Shannon diversity	Shannon equitability	Bray-Curtis distance
MiCoP	simulated_virus	13.251064948334498	766.0273091977831	1.0048872292288742	0.0	0.0	na	0.0	1.0	82.0	1.0	0.0	0.02600125964182936	0.0	1.0
Metalign	simulated_virus	9.857152400367461	822.0000135461826	1.7036808000000008	0.6097560975609756	0.32894736842105265	0.42735042735042733	50.0	102.0	32.0	152.0	0.2717391304347826	1.9217524789228644	0.38252352358872255	0.8679165580294115
MetaBinG2	simulated_virus	12.76852301339897	770.9999637662097	1.1465397999999996	0.0	0.0	na	0.0	8.0	82.0	8.0	0.0	0.45595462197754394	0.2192678239991349	1.0
MetaPhlAn3	simulated_virus	8.255970900000008	523.8885871000002	na	0.0	0.0	na	0.0	0.0	82.0	0.0	0.0	na	na	na
Diamond+Megan	simulated_virus	10.856552100000007	493.27225009999995	2.0000007999999996	0.0	0.0	na	0.0	58.0	82.0	58.0	0.0	3.5063620936087188	0.8635417575130214	1.0
