tool	sample	Weighted UniFrac error	Unweighted UniFrac error	L1 norm error	Completeness	Purity	F1 score	True positives	False positives	False negatives	Taxon counts	Jaccard index	Shannon diversity	Shannon equitability	Bray-Curtis distance
MiCoP	simulated_virus	13.251064948334498	766.0273091977831	0.0	1.0	1.0	1.0	1.0	0.0	0.0	1.0	1.0	0.0	0.0	0.0
Metalign	simulated_virus	9.857152400367461	822.0000135461826	0.03718129999999995	1.0	0.3333333333333333	0.5	1.0	2.0	0.0	3.0	0.3333333333333333	0.037214690067681	0.033874270706363396	0.018941232321986
MetaBinG2	simulated_virus	12.76852301339897	770.9999637662097	0.10843850000000003	1.0	1.0	1.0	1.0	0.0	0.0	1.0	1.0	0.10233419500080443	0.0	0.05732750428680222
MetaPhlAn3	simulated_virus	8.255970900000008	523.8885871000002	0.0	1.0	1.0	1.0	1.0	0.0	0.0	1.0	1.0	0.0	0.0	0.0
Diamond+Megan	simulated_virus	10.856552100000007	493.27225009999995	0.0	1.0	1.0	1.0	1.0	0.0	0.0	1.0	1.0	0.0	0.0	0.0
